"year","Agent_ID","SB_ID","Act_yield","M_Act_yield","Target","M_Target"
1,1,1,0,0,0,1.53252157297178
1,1,2,0,0,0,2.29587219356261
1,1,3,0,0,0,0.409446649029982
1,1,4,0,0,2.82646762455908,0
1,1,5,0,0,2.1674430643739,0
1,1,6,0.02,0.01,3.65710198082011,0
1,1,7,0.61,0.14,2.08192644290123,0
1,1,8,12.69,5.16,0.422542735008818,0
1,1,9,12.69,5.16,1.43858339616402,0
1,1,10,13.61,9.26,1.5117997563933,0
1,1,11,12.15,8.17,0.970209435626102,0
1,1,12,12,7.89,2.96578269951499,0
1,1,13,12.65,7.54,1.94485961419753,0.472391991402116
1,2,14,12.65,8.68,1.56117123567019,1.49296737213404
1,2,15,10.1,5.14,2.7825336122134,2.05046344246032
1,3,16,10.33,4.41,2.80375187279541,0.913727470899471
1,3,17,12.1,7.46,2.61715608465608,0
1,3,18,4.23,2.93,3.5147266313933,0
1,4,19,12.58,7.48,1.27188282738095,0
1,4,20,12.54,7.6,0,0
1,4,21,9.9,4.24,1.34151310626102,0
1,4,22,9.92,5.25,2.58264320216049,0
1,4,23,11.7,6.41,0,0
1,4,24,12.13,7.43,1.0636795752866,0.201798892967372
1,4,25,12.85,7.92,0.753152288470018,0
1,4,26,11.92,7.64,2.53700764219577,0
1,4,27,12.11,7.5,1.66501214726631,0
1,4,28,10.27,6.19,2.08647486772487,0
1,5,29,6.41,3.88,2.41224342372134,0
1,5,30,5.65,3.27,1.52765582231041,0
1,5,31,6.94,4.45,3.0551542074515,0
1,6,32,13.41,8.51,2.21479521825397,0
1,6,33,13.34,8.92,1.86774431988536,0
1,6,34,12.71,8.13,1.31141534391534,0
1,6,35,7.5,3.86,3.98317656305115,0
1,6,36,12.6,8.31,2.19058641975309,0
1,6,37,12.59,8.3,3.29059951940035,0
1,6,38,8.07,4.95,2.77057613205467,0
1,6,39,8.32,4.59,1.05762235449735,0
1,6,40,12.86,8.54,2.52879304783951,0
1,6,41,12.37,7.56,1.27618135361552,0
1,6,42,12.28,7.29,2.64005348544974,0
1,6,43,9.84,5.83,3.89504275683421,0
1,6,44,6.99,4.51,3.07333546737213,0
1,6,45,10.15,6.6,3.7588633234127,0.0298400044312169
1,6,46,8.22,2.72,1.60527508377425,0
1,6,47,6.21,2.81,1.54470899470899,0
1,7,48,2.87,1.28,1.64782891313933,0
1,7,49,6.97,4.29,2.82336744819224,0
1,7,50,7.24,4.32,2.81381583002646,0
1,7,51,7.69,4.65,3.17749763447972,0
1,7,52,7.51,3.31,0,0
1,8,53,8,3.66,0,0
1,8,54,8.84,5.84,3.37120065806878,0
1,8,55,8.23,5.23,1.68483532738095,0
1,8,56,8.17,3.9,0,0
1,8,57,8.06,3.15,1.30350450396825,0
1,8,58,1.84,1.15,2.86915784832452,0
1,9,59,12.64,7.59,0,0
1,9,60,12.66,8.33,1.98992189484127,0
1,9,61,10.86,6.91,1.09997795414462,0
1,9,62,9.55,5.36,0,0
1,9,63,8.08,5.52,0,0
1,9,64,7.42,3.42,0,0
1,9,65,12.98,6.04,0.67496448170194,0
1,9,66,11.52,7.74,1.39506907738095,0
1,9,67,9.39,6.09,0.95598544973545,0
1,9,68,8.12,5.03,1.46416900132275,0
1,9,69,12.56,8.08,1.60037737323633,1.77297178130511
1,9,70,4.39,1.81,1.87182580467372,0.537957655643739
1,9,71,3.2,1.5,1.04382007429453,0.663267728725749
1,9,72,0.46,2.59,0.535692239858907,0
1,9,73,7.66,4.59,0,0
1,10,74,1.8,0.96,1.00413932021605,0
1,10,75,6.16,3.34,1.57331023148148,0.462657115520282
1,11,76,4.27,1.67,1.10266282407407,0
1,11,77,7.37,3.95,0.51521066468254,0
1,11,78,7.87,4.66,1.07428737488977,0
1,11,79,7.32,3.81,1.40053093805115,0
1,11,80,8.03,4.32,2.36736812610229,0
1,11,81,6.84,3.55,3.73759920634921,0
1,12,82,5.65,1.83,2.31824695326279,0
1,12,83,1.11,0.53,4.66599977954145,0
1,12,84,1.1,0.7,4.59459175044092,0
1,12,85,6.69,2.64,2.40023383487654,0.148632413800705
1,12,86,7.17,3.86,3.76532520943563,0
1,12,87,2,1.38,3.97085537918871,0.334628527336861
1,12,88,1.57,1.12,5.01639660493827,2.54715057319224
1,12,89,1.17,0.87,5.60206844246032,0.851064776124339
2,1,1,0,0,0,1.53252157297178
2,1,2,0,0,0,2.29587219356261
2,1,3,0,0,0,0.409446649029982
2,1,4,0,0,2.82646762455908,0
2,1,5,0,0,2.1674430643739,0
2,1,6,0.03,0.01,3.65710198082011,0
2,1,7,1.08,0.23,2.08192644290123,0
2,1,8,13.72,5.98,0.422542735008818,0
2,1,9,13.72,5.98,1.43858339616402,0
2,1,10,13.28,8.93,1.5117997563933,0
2,1,11,12.18,7.95,0.970209435626102,0
2,1,12,11.84,7.7,2.96578269951499,0
2,1,13,12.29,7.93,1.94485961419753,0.472391991402116
2,2,14,12.72,8.43,1.56117123567019,1.49296737213404
2,2,15,11.43,7.19,2.7825336122134,2.05046344246032
2,3,16,10.75,6.51,2.80375187279541,0.913727470899471
2,3,17,11.17,7.03,2.61715608465608,0
2,3,18,8.56,5.03,3.5147266313933,0
2,4,19,11.28,7.4,1.27188282738095,0
2,4,20,11.18,6.97,0,0
2,4,21,10.93,6.71,1.34151310626102,0
2,4,22,10.82,6.91,2.58264320216049,0
2,4,23,10.15,6.29,0,0
2,4,24,10.82,6.92,1.0636795752866,0.201798892967372
2,4,25,11.48,7.11,0.753152288470018,0
2,4,26,11.12,6.88,2.53700764219577,0
2,4,27,10.37,6.95,1.66501214726631,0
2,4,28,9.77,5.83,2.08647486772487,0
2,5,29,8,4.88,2.41224342372134,0
2,5,30,7.8,4.73,1.52765582231041,0
2,5,31,6.61,4.02,3.0551542074515,0
2,6,32,12.27,8.11,2.21479521825397,0
2,6,33,12.46,8.55,1.86774431988536,0
2,6,34,11.63,7.35,1.31141534391534,0
2,6,35,10.93,6.74,3.98317656305115,0
2,6,36,11.83,7.47,2.19058641975309,0
2,6,37,11.83,7.47,3.29059951940035,0
2,6,38,9.21,5.62,2.77057613205467,0
2,6,39,10.21,6.52,1.05762235449735,0
2,6,40,12.46,8.15,2.52879304783951,0
2,6,41,10.99,7.16,1.27618135361552,0
2,6,42,10.22,6.82,2.64005348544974,0
2,6,43,9.47,6.34,3.89504275683421,0
2,6,44,6.73,4.27,3.07333546737213,0
2,6,45,9.32,6.14,3.7588633234127,0.0298400044312169
2,6,46,7.75,4.99,1.60527508377425,0
2,6,47,7.77,4.98,1.54470899470899,0
2,7,48,6.76,4.17,1.64782891313933,0
2,7,49,6.65,3.92,2.82336744819224,0
2,7,50,6.85,4.03,2.81381583002646,0
2,7,51,7.41,4.35,3.17749763447972,0
2,7,52,7.61,4.8,0,0
2,8,53,7.77,4.98,0,0
2,8,54,8.33,5.54,3.37120065806878,0
2,8,55,7.88,4.86,1.68483532738095,0
2,8,56,7.64,4.72,0,0
2,8,57,7.77,4.81,1.30350450396825,0
2,8,58,7.64,4.56,2.86915784832452,0
2,9,59,10.67,7.05,0,0
2,9,60,11.61,7.82,1.98992189484127,0
2,9,61,10.11,6.74,1.09997795414462,0
2,9,62,10.11,6.63,0,0
2,9,63,9.14,6.16,0,0
2,9,64,11.1,7.36,0,0
2,9,65,11.9,8.16,0.67496448170194,0
2,9,66,11.35,7.51,1.39506907738095,0
2,9,67,8.76,5.73,0.95598544973545,0
2,9,68,7.76,4.84,1.46416900132275,0
2,9,69,11.26,7.57,1.60037737323633,1.77297178130511
2,9,70,8.48,5.45,1.87182580467372,0.537957655643739
2,9,71,9.37,6.17,1.04382007429453,0.663267728725749
2,9,72,7.27,4.73,0.535692239858907,0
2,9,73,7.64,4.57,0,0
2,10,74,7.65,4.5,1.00413932021605,0
2,10,75,7.46,4.63,1.57331023148148,0.462657115520282
2,11,76,6.95,4.48,1.10266282407407,0
2,11,77,7.48,4.51,0.51521066468254,0
2,11,78,7.53,4.51,1.07428737488977,0
2,11,79,7.57,4.54,1.40053093805115,0
2,11,80,7.62,4.59,2.36736812610229,0
2,11,81,7.63,4.59,3.73759920634921,0
2,12,82,7.29,4.32,2.31824695326279,0
2,12,83,6.59,3.75,4.66599977954145,0
2,12,84,5.93,3.73,4.59459175044092,0
2,12,85,8.41,5.2,2.40023383487654,0.148632413800705
2,12,86,7.92,4.69,3.76532520943563,0
2,12,87,7.66,4.69,3.97085537918871,0.334628527336861
2,12,88,6.25,3.95,5.01639660493827,2.54715057319224
2,12,89,6.21,3.99,5.60206844246032,0.851064776124339
3,1,1,0,0,0,1.53252157297178
3,1,2,0,0,0,2.29587219356261
3,1,3,0,0,0,0.409446649029982
3,1,4,0,0,2.82646762455908,0
3,1,5,0,0,2.1674430643739,0
3,1,6,0.02,0,3.65710198082011,0
3,1,7,1.13,0.18,2.08192644290123,0
3,1,8,14.51,6.7,0.422542735008818,0
3,1,9,14.51,6.68,1.43858339616402,0
3,1,10,14.68,9.54,1.5117997563933,0
3,1,11,13.08,8.15,0.970209435626102,0
3,1,12,12.61,7.79,2.96578269951499,0
3,1,13,12.9,7.79,1.94485961419753,0.472391991402116
3,2,14,13.63,8.74,1.56117123567019,1.49296737213404
3,2,15,11.26,6.86,2.7825336122134,2.05046344246032
3,3,16,10.45,6.1,2.80375187279541,0.913727470899471
3,3,17,11.54,6.83,2.61715608465608,0
3,3,18,8.1,4.54,3.5147266313933,0
3,4,19,12.15,7.19,1.27188282738095,0
3,4,20,11.15,6.48,0,0
3,4,21,10.69,6.23,1.34151310626102,0
3,4,22,11.12,6.43,2.58264320216049,0
3,4,23,10.38,5.95,0,0
3,4,24,11.53,6.82,1.0636795752866,0.201798892967372
3,4,25,11.86,6.87,0.753152288470018,0
3,4,26,11.03,6.33,2.53700764219577,0
3,4,27,10.71,6.7,1.66501214726631,0
3,4,28,8.7,5.24,2.08647486772487,0
3,5,29,6.34,4.15,2.41224342372134,0
3,5,30,6.43,4.32,1.52765582231041,0
3,5,31,4.56,3.59,3.0551542074515,0
3,6,32,12.93,7.89,2.21479521825397,0
3,6,33,13.41,8.57,1.86774431988536,0
3,6,34,11.27,6.88,1.31141534391534,0
3,6,35,9.84,6.04,3.98317656305115,0
3,6,36,11,6.88,2.19058641975309,0
3,6,37,11,6.88,3.29059951940035,0
3,6,38,7.16,4.79,2.77057613205467,0
3,6,39,8.85,5.7,1.05762235449735,0
3,6,40,13.41,8.38,2.52879304783951,0
3,6,41,11.88,7.12,1.27618135361552,0
3,6,42,11.09,6.74,2.64005348544974,0
3,6,43,8.08,5.61,3.89504275683421,0
3,6,44,4.78,3.64,3.07333546737213,0
3,6,45,8.05,5.42,3.7588633234127,0.0298400044312169
3,6,46,5.57,4.13,1.60527508377425,0
3,6,47,6.09,4.3,1.54470899470899,0
3,7,48,5.05,3.61,1.64782891313933,0
3,7,49,4.46,3.46,2.82336744819224,0
3,7,50,4.99,3.57,2.81381583002646,0
3,7,51,5.37,3.99,3.17749763447972,0
3,7,52,6,4.16,0,0
3,8,53,6.09,4.3,0,0
3,8,54,7.42,4.88,3.37120065806878,0
3,8,55,5.9,4.31,1.68483532738095,0
3,8,56,5.67,4.16,0,0
3,8,57,5.95,4.17,1.30350450396825,0
3,8,58,5.55,4.07,2.86915784832452,0
3,9,59,11.06,6.97,0,0
3,9,60,10.88,7.07,1.98992189484127,0
3,9,61,9.09,6.08,1.09997795414462,0
3,9,62,9.09,5.95,0,0
3,9,63,8.11,5.59,0,0
3,9,64,10.14,6.79,0,0
3,9,65,11.41,7.69,0.67496448170194,0
3,9,66,10.28,6.87,1.39506907738095,0
3,9,67,8.12,5.42,0.95598544973545,0
3,9,68,5.83,4.22,1.46416900132275,0
3,9,69,11.86,7.58,1.60037737323633,1.77297178130511
3,9,70,7.06,5.04,1.87182580467372,0.537957655643739
3,9,71,8.67,5.77,1.04382007429453,0.663267728725749
3,9,72,5.59,4.12,0.535692239858907,0
3,9,73,5.55,4.07,0,0
3,10,74,5.71,3.89,1.00413932021605,0
3,10,75,5.69,4.08,1.57331023148148,0.462657115520282
3,11,76,4.85,3.92,1.10266282407407,0
3,11,77,5.53,3.85,0.51521066468254,0
3,11,78,5.87,4.01,1.07428737488977,0
3,11,79,6.05,4.2,1.40053093805115,0
3,11,80,6.2,4.04,2.36736812610229,0
3,11,81,6.33,4.11,3.73759920634921,0
3,12,82,5.67,3.87,2.31824695326279,0
3,12,83,4.98,3.25,4.66599977954145,0
3,12,84,4.75,3.31,4.59459175044092,0
3,12,85,7.09,4.66,2.40023383487654,0.148632413800705
3,12,86,6.65,4.32,3.76532520943563,0
3,12,87,6.39,4.23,3.97085537918871,0.334628527336861
3,12,88,5.09,3.51,5.01639660493827,2.54715057319224
3,12,89,5.21,3.58,5.60206844246032,0.851064776124339
4,1,1,0,0,0,1.53252157297178
4,1,2,0,0,0,2.29587219356261
4,1,3,0,0,0,0.409446649029982
4,1,4,0,0,2.82646762455908,0
4,1,5,0,0,2.1674430643739,0
4,1,6,0.01,0.01,3.65710198082011,0
4,1,7,0.4,0.12,2.08192644290123,0
4,1,8,10.91,4.3,0.422542735008818,0
4,1,9,10.9,4.3,1.43858339616402,0
4,1,10,13.69,8.66,1.5117997563933,0
4,1,11,11.66,7.57,0.970209435626102,0
4,1,12,11.34,7.31,2.96578269951499,0
4,1,13,12.23,7.76,1.94485961419753,0.472391991402116
4,2,14,12.19,8.03,1.56117123567019,1.49296737213404
4,2,15,11.19,7.15,2.7825336122134,2.05046344246032
4,3,16,10.41,6.5,2.80375187279541,0.913727470899471
4,3,17,11.38,7.05,2.61715608465608,0
4,3,18,9.64,5.39,3.5147266313933,0
4,4,19,11.02,7.36,1.27188282738095,0
4,4,20,11.56,6.96,0,0
4,4,21,11.33,6.7,1.34151310626102,0
4,4,22,11.17,6.95,2.58264320216049,0
4,4,23,10.69,6.39,0,0
4,4,24,11.06,7.07,1.0636795752866,0.201798892967372
4,4,25,11.82,7.28,0.753152288470018,0
4,4,26,11.46,7.04,2.53700764219577,0
4,4,27,10.96,7.04,1.66501214726631,0
4,4,28,10.05,5.99,2.08647486772487,0
4,5,29,8.51,5.02,2.41224342372134,0
4,5,30,8.74,4.89,1.52765582231041,0
4,5,31,7.53,4.32,3.0551542074515,0
4,6,32,12.74,8.31,2.21479521825397,0
4,6,33,12.9,8.67,1.86774431988536,0
4,6,34,12.36,7.76,1.31141534391534,0
4,6,35,11.04,6.97,3.98317656305115,0
4,6,36,11.85,7.66,2.19058641975309,0
4,6,37,11.85,7.66,3.29059951940035,0
4,6,38,9.93,5.87,2.77057613205467,0
4,6,39,10.91,6.65,1.05762235449735,0
4,6,40,12.52,7.88,2.52879304783951,0
4,6,41,11.19,7.23,1.27618135361552,0
4,6,42,10.77,6.98,2.64005348544974,0
4,6,43,10.49,6.49,3.89504275683421,0
4,6,44,7.8,4.43,3.07333546737213,0
4,6,45,10.64,6.57,3.7588633234127,0.0298400044312169
4,6,46,8.75,5.29,1.60527508377425,0
4,6,47,8.42,5.26,1.54470899470899,0
4,7,48,7.36,4.29,1.64782891313933,0
4,7,49,7.32,4.02,2.82336744819224,0
4,7,50,7.51,4.26,2.81381583002646,0
4,7,51,8.29,4.58,3.17749763447972,0
4,7,52,8.4,5.11,0,0
4,8,53,8.41,5.26,0,0
4,8,54,9.06,5.82,3.37120065806878,0
4,8,55,8.58,5.08,1.68483532738095,0
4,8,56,8.55,4.92,0,0
4,8,57,8.6,5.08,1.30350450396825,0
4,8,58,8.19,4.89,2.86915784832452,0
4,9,59,11.22,7.35,0,0
4,9,60,12.62,8.1,1.98992189484127,0
4,9,61,11.09,7.13,1.09997795414462,0
4,9,62,10.68,7,0,0
4,9,63,10.28,6.52,0,0
4,9,64,11.93,7.64,0,0
4,9,65,12.64,8.47,0.67496448170194,0
4,9,66,11.94,7.87,1.39506907738095,0
4,9,67,9.46,6.1,0.95598544973545,0
4,9,68,8.64,5.13,1.46416900132275,0
4,9,69,11.75,7.74,1.60037737323633,1.77297178130511
4,9,70,9.07,5.8,1.87182580467372,0.537957655643739
4,9,71,10.01,6.57,1.04382007429453,0.663267728725749
4,9,72,8.01,4.88,0.535692239858907,0
4,9,73,8.18,4.89,0,0
4,10,74,8.74,4.74,1.00413932021605,0
4,10,75,7.94,4.72,1.57331023148148,0.462657115520282
4,11,76,8.02,4.68,1.10266282407407,0
4,11,77,8.37,4.79,0.51521066468254,0
4,11,78,8.46,4.69,1.07428737488977,0
4,11,79,8.33,4.76,1.40053093805115,0
4,11,80,8.15,4.72,2.36736812610229,0
4,11,81,8.1,4.71,3.73759920634921,0
4,12,82,7.81,4.39,2.31824695326279,0
4,12,83,7.19,3.81,4.66599977954145,0
4,12,84,6.13,3.77,4.59459175044092,0
4,12,85,8.86,5.46,2.40023383487654,0.148632413800705
4,12,86,8.3,4.81,3.76532520943563,0
4,12,87,7.9,4.82,3.97085537918871,0.334628527336861
4,12,88,6.62,4.07,5.01639660493827,2.54715057319224
4,12,89,6.43,4.05,5.60206844246032,0.851064776124339
5,1,1,0,0,0,1.53252157297178
5,1,2,0,0,0,2.29587219356261
5,1,3,0,0,0,0.409446649029982
5,1,4,0,0,2.82646762455908,0
5,1,5,0,0,2.1674430643739,0
5,1,6,0.08,0.02,3.65710198082011,0
5,1,7,1.87,0.41,2.08192644290123,0
5,1,8,13.72,6.74,0.422542735008818,0
5,1,9,13.71,6.71,1.43858339616402,0
5,1,10,14.21,9.21,1.5117997563933,0
5,1,11,12.08,7.77,0.970209435626102,0
5,1,12,11.74,7.53,2.96578269951499,0
5,1,13,12.55,7.87,1.94485961419753,0.472391991402116
5,2,14,12.62,8.32,1.56117123567019,1.49296737213404
5,2,15,11.06,6.89,2.7825336122134,2.05046344246032
5,3,16,10.3,6.3,2.80375187279541,0.913727470899471
5,3,17,10.67,6.79,2.61715608465608,0
5,3,18,8.09,4.67,3.5147266313933,0
5,4,19,11.19,7.11,1.27188282738095,0
5,4,20,10.8,6.69,0,0
5,4,21,10.69,6.38,1.34151310626102,0
5,4,22,10.72,6.64,2.58264320216049,0
5,4,23,9.78,6.1,0,0
5,4,24,10.99,6.84,1.0636795752866,0.201798892967372
5,4,25,11.23,6.83,0.753152288470018,0
5,4,26,10.74,6.57,2.53700764219577,0
5,4,27,10.52,6.69,1.66501214726631,0
5,4,28,9,5.32,2.08647486772487,0
5,5,29,7.2,4.42,2.41224342372134,0
5,5,30,7.02,4.26,1.52765582231041,0
5,5,31,5.86,3.63,3.0551542074515,0
5,6,32,12.51,7.92,2.21479521825397,0
5,6,33,12.72,8.44,1.86774431988536,0
5,6,34,11.24,7.07,1.31141534391534,0
5,6,35,10.34,6.19,3.98317656305115,0
5,6,36,11.26,7.31,2.19058641975309,0
5,6,37,11.25,7.31,3.29059951940035,0
5,6,38,8.25,5.03,2.77057613205467,0
5,6,39,9.45,5.91,1.05762235449735,0
5,6,40,12.67,8.15,2.52879304783951,0
5,6,41,11.33,7.17,1.27618135361552,0
5,6,42,10.81,6.84,2.64005348544974,0
5,6,43,8.91,5.74,3.89504275683421,0
5,6,44,6.15,3.69,3.07333546737213,0
5,6,45,8.76,5.72,3.7588633234127,0.0298400044312169
5,6,46,6.95,4.58,1.60527508377425,0
5,6,47,6.97,4.59,1.54470899470899,0
5,7,48,6.12,3.64,1.64782891313933,0
5,7,49,5.65,3.55,2.82336744819224,0
5,7,50,5.95,3.78,2.81381583002646,0
5,7,51,6.48,4.13,3.17749763447972,0
5,7,52,6.65,4.52,0,0
5,8,53,6.97,4.65,0,0
5,8,54,7.92,5.11,3.37120065806878,0
5,8,55,7,4.61,1.68483532738095,0
5,8,56,6.77,4.48,0,0
5,8,57,6.78,4.48,1.30350450396825,0
5,8,58,6.78,4.4,2.86915784832452,0
5,9,59,11.34,7.11,0,0
5,9,60,11.08,7.28,1.98992189484127,0
5,9,61,9.72,6.34,1.09997795414462,0
5,9,62,9.62,6.32,0,0
5,9,63,8.84,5.84,0,0
5,9,64,10.55,6.96,0,0
5,9,65,11.59,7.68,0.67496448170194,0
5,9,66,10.64,7.11,1.39506907738095,0
5,9,67,8.47,5.39,0.95598544973545,0
5,9,68,7.05,4.6,1.46416900132275,0
5,9,69,11.41,7.52,1.60037737323633,1.77297178130511
5,9,70,7.54,5.11,1.87182580467372,0.537957655643739
5,9,71,9.01,6.07,1.04382007429453,0.663267728725749
5,9,72,6.6,4.51,0.535692239858907,0
5,9,73,6.78,4.4,0,0
5,10,74,6.9,4.32,1.00413932021605,0
5,10,75,6.59,4.41,1.57331023148148,0.462657115520282
5,11,76,6.21,4.26,1.10266282407407,0
5,11,77,6.67,4.27,0.51521066468254,0
5,11,78,6.85,4.31,1.07428737488977,0
5,11,79,6.88,4.32,1.40053093805115,0
5,11,80,6.79,4.37,2.36736812610229,0
5,11,81,6.92,4.41,3.73759920634921,0
5,12,82,6.56,4.13,2.31824695326279,0
5,12,83,5.87,3.67,4.66599977954145,0
5,12,84,5,3.45,4.59459175044092,0
5,12,85,7.7,5.03,2.40023383487654,0.148632413800705
5,12,86,7.07,4.44,3.76532520943563,0
5,12,87,6.91,4.48,3.97085537918871,0.334628527336861
5,12,88,5.22,3.78,5.01639660493827,2.54715057319224
5,12,89,5.33,3.74,5.60206844246032,0.851064776124339
6,1,1,0,0,0,1.53252157297178
6,1,2,0,0,0,2.29587219356261
6,1,3,0,0,0,0.409446649029982
6,1,4,0,0,2.82646762455908,0
6,1,5,0,0,2.1674430643739,0
6,1,6,0.01,0.01,3.65710198082011,0
6,1,7,0.36,0.1,2.08192644290123,0
6,1,8,11.97,4.56,0.422542735008818,0
6,1,9,11.96,4.56,1.43858339616402,0
6,1,10,15.14,9.47,1.5117997563933,0
6,1,11,12.83,8.55,0.970209435626102,0
6,1,12,12.51,8.36,2.96578269951499,0
6,1,13,13.27,8.82,1.94485961419753,0.472391991402116
6,2,14,13.42,8.98,1.56117123567019,1.49296737213404
6,2,15,12.86,8.38,2.7825336122134,2.05046344246032
6,3,16,12.17,7.72,2.80375187279541,0.913727470899471
6,3,17,12.92,8.24,2.61715608465608,0
6,3,18,10.47,6.03,3.5147266313933,0
6,4,19,12.57,8.25,1.27188282738095,0
6,4,20,12.63,8,0,0
6,4,21,12.33,7.82,1.34151310626102,0
6,4,22,12.32,8.03,2.58264320216049,0
6,4,23,11.95,7.5,0,0
6,4,24,12.32,8.09,1.0636795752866,0.201798892967372
6,4,25,13.43,8.38,0.753152288470018,0
6,4,26,12.58,7.95,2.53700764219577,0
6,4,27,12.19,8.05,1.66501214726631,0
6,4,28,11.13,6.76,2.08647486772487,0
6,5,29,9.81,5.85,2.41224342372134,0
6,5,30,9.62,5.79,1.52765582231041,0
6,5,31,8.62,4.87,3.0551542074515,0
6,6,32,13.49,8.93,2.21479521825397,0
6,6,33,13.32,9.16,1.86774431988536,0
6,6,34,13.5,8.71,1.31141534391534,0
6,6,35,12.35,7.73,3.98317656305115,0
6,6,36,13.65,8.68,2.19058641975309,0
6,6,37,13.65,8.66,3.29059951940035,0
6,6,38,10.78,6.43,2.77057613205467,0
6,6,39,11.93,7.42,1.05762235449735,0
6,6,40,13.2,8.67,2.52879304783951,0
6,6,41,12.37,8.24,1.27618135361552,0
6,6,42,11.87,7.94,2.64005348544974,0
6,6,43,11.39,7.15,3.89504275683421,0
6,6,44,8.72,5.24,3.07333546737213,0
6,6,45,11.06,6.92,3.7588633234127,0.0298400044312169
6,6,46,9.24,5.61,1.60527508377425,0
6,6,47,9.02,5.55,1.54470899470899,0
6,7,48,8.36,4.91,1.64782891313933,0
6,7,49,8.15,4.56,2.82336744819224,0
6,7,50,7.95,4.48,2.81381583002646,0
6,7,51,8.56,4.95,3.17749763447972,0
6,7,52,8.76,5.3,0,0
6,8,53,9.01,5.54,0,0
6,8,54,10.03,6.33,3.37120065806878,0
6,8,55,8.93,5.29,1.68483532738095,0
6,8,56,8.69,5.05,0,0
6,8,57,8.78,5.23,1.30350450396825,0
6,8,58,8.41,5.01,2.86915784832452,0
6,9,59,12.64,8.22,0,0
6,9,60,12.86,8.39,1.98992189484127,0
6,9,61,11.53,7.56,1.09997795414462,0
6,9,62,11.41,7.54,0,0
6,9,63,11,7.06,0,0
6,9,64,12.58,8.04,0,0
6,9,65,13.35,9.08,0.67496448170194,0
6,9,66,12.49,7.99,1.39506907738095,0
6,9,67,10.64,6.72,0.95598544973545,0
6,9,68,8.72,5.27,1.46416900132275,0
6,9,69,12.84,8.61,1.60037737323633,1.77297178130511
6,9,70,9.72,6.2,1.87182580467372,0.537957655643739
6,9,71,10.48,6.65,1.04382007429453,0.663267728725749
6,9,72,7.79,5.04,0.535692239858907,0
6,9,73,8.41,5.01,0,0
6,10,74,8.32,4.7,1.00413932021605,0
6,10,75,8.12,4.87,1.57331023148148,0.462657115520282
6,11,76,7.73,4.66,1.10266282407407,0
6,11,77,8.12,4.81,0.51521066468254,0
6,11,78,8.45,4.86,1.07428737488977,0
6,11,79,8.56,5.02,1.40053093805115,0
6,11,80,8.26,4.78,2.36736812610229,0
6,11,81,8.11,4.83,3.73759920634921,0
6,12,82,7.8,4.53,2.31824695326279,0
6,12,83,6.88,3.96,4.66599977954145,0
6,12,84,6.51,3.85,4.59459175044092,0
6,12,85,8.91,5.5,2.40023383487654,0.148632413800705
6,12,86,8.32,5.03,3.76532520943563,0
6,12,87,7.75,4.85,3.97085537918871,0.334628527336861
6,12,88,6.64,4.33,5.01639660493827,2.54715057319224
6,12,89,6.72,4.32,5.60206844246032,0.851064776124339
7,1,1,0,0,0,1.53252157297178
7,1,2,0,0,0,2.29587219356261
7,1,3,0,0,0,0.409446649029982
7,1,4,0,0,2.82646762455908,0
7,1,5,0,0,2.1674430643739,0
7,1,6,0.02,0,3.65710198082011,0
7,1,7,0.57,0.12,2.08192644290123,0
7,1,8,13.94,5.68,0.422542735008818,0
7,1,9,13.94,5.67,1.43858339616402,0
7,1,10,14.54,9.1,1.5117997563933,0
7,1,11,12.57,8.31,0.970209435626102,0
7,1,12,12.11,7.94,2.96578269951499,0
7,1,13,12.78,8.42,1.94485961419753,0.472391991402116
7,2,14,13.01,8.66,1.56117123567019,1.49296737213404
7,2,15,12.01,7.58,2.7825336122134,2.05046344246032
7,3,16,11.27,6.92,2.80375187279541,0.913727470899471
7,3,17,11.97,7.45,2.61715608465608,0
7,3,18,9.55,5.17,3.5147266313933,0
7,4,19,11.75,7.81,1.27188282738095,0
7,4,20,12.14,7.32,0,0
7,4,21,11.7,7.12,1.34151310626102,0
7,4,22,11.9,7.26,2.58264320216049,0
7,4,23,11.25,6.73,0,0
7,4,24,11.7,7.43,1.0636795752866,0.201798892967372
7,4,25,12.47,7.7,0.753152288470018,0
7,4,26,11.86,7.27,2.53700764219577,0
7,4,27,11.77,7.44,1.66501214726631,0
7,4,28,10.61,5.99,2.08647486772487,0
7,5,29,9.01,4.8,2.41224342372134,0
7,5,30,8.64,4.72,1.52765582231041,0
7,5,31,7.38,3.89,3.0551542074515,0
7,6,32,13,8.49,2.21479521825397,0
7,6,33,13.09,8.85,1.86774431988536,0
7,6,34,12.47,7.74,1.31141534391534,0
7,6,35,11.75,6.76,3.98317656305115,0
7,6,36,12.39,7.8,2.19058641975309,0
7,6,37,12.39,7.79,3.29059951940035,0
7,6,38,10.09,5.43,2.77057613205467,0
7,6,39,11.22,6.53,1.05762235449735,0
7,6,40,13.03,8.42,2.52879304783951,0
7,6,41,11.89,7.7,1.27618135361552,0
7,6,42,11.39,7.39,2.64005348544974,0
7,6,43,10.71,6.33,3.89504275683421,0
7,6,44,7.41,4.09,3.07333546737213,0
7,6,45,10.18,6.1,3.7588633234127,0.0298400044312169
7,6,46,8.09,4.66,1.60527508377425,0
7,6,47,7.99,4.68,1.54470899470899,0
7,7,48,7.34,3.92,1.64782891313933,0
7,7,49,6.87,3.6,2.82336744819224,0
7,7,50,6.59,3.62,2.81381583002646,0
7,7,51,7.13,4.03,3.17749763447972,0
7,7,52,7.82,4.55,0,0
7,8,53,8.19,4.68,0,0
7,8,54,8.87,5.35,3.37120065806878,0
7,8,55,7.79,4.52,1.68483532738095,0
7,8,56,7.51,4.35,0,0
7,8,57,7.66,4.46,1.30350450396825,0
7,8,58,7.23,4.26,2.86915784832452,0
7,9,59,11.93,7.71,0,0
7,9,60,12.34,7.7,1.98992189484127,0
7,9,61,10.7,6.66,1.09997795414462,0
7,9,62,10.49,6.62,0,0
7,9,63,9.93,6.01,0,0
7,9,64,11.83,7.32,0,0
7,9,65,12.97,8.18,0.67496448170194,0
7,9,66,11.74,7.43,1.39506907738095,0
7,9,67,9.46,5.72,0.95598544973545,0
7,9,68,7.56,4.56,1.46416900132275,0
7,9,69,11.99,7.99,1.60037737323633,1.77297178130511
7,9,70,8.96,5.28,1.87182580467372,0.537957655643739
7,9,71,10.13,6.03,1.04382007429453,0.663267728725749
7,9,72,6.93,4.34,0.535692239858907,0
7,9,73,7.22,4.26,0,0
7,10,74,7.09,4.07,1.00413932021605,0
7,10,75,7.05,4.18,1.57331023148148,0.462657115520282
7,11,76,6.43,3.98,1.10266282407407,0
7,11,77,6.89,4.13,0.51521066468254,0
7,11,78,7.13,4.12,1.07428737488977,0
7,11,79,7.34,4.19,1.40053093805115,0
7,11,80,7.13,4.18,2.36736812610229,0
7,11,81,7.35,4.15,3.73759920634921,0
7,12,82,6.6,3.91,2.31824695326279,0
7,12,83,5.89,3.38,4.66599977954145,0
7,12,84,5.55,3.26,4.59459175044092,0
7,12,85,8.31,4.96,2.40023383487654,0.148632413800705
7,12,86,7.3,4.28,3.76532520943563,0
7,12,87,6.91,4.34,3.97085537918871,0.334628527336861
7,12,88,5.79,3.56,5.01639660493827,2.54715057319224
7,12,89,5.71,3.56,5.60206844246032,0.851064776124339
8,1,1,0,0,0,1.53252157297178
8,1,2,0,0,0,2.29587219356261
8,1,3,0,0,0,0.409446649029982
8,1,4,0,0,2.82646762455908,0
8,1,5,0,0,2.1674430643739,0
8,1,6,0.03,0.01,3.65710198082011,0
8,1,7,0.91,0.21,2.08192644290123,0
8,1,8,13.44,5.72,0.422542735008818,0
8,1,9,13.44,5.71,1.43858339616402,0
8,1,10,13.03,8.82,1.5117997563933,0
8,1,11,12.23,7.9,0.970209435626102,0
8,1,12,11.98,7.58,2.96578269951499,0
8,1,13,12.46,7.8,1.94485961419753,0.472391991402116
8,2,14,12.79,8.3,1.56117123567019,1.49296737213404
8,2,15,11.12,7.11,2.7825336122134,2.05046344246032
8,3,16,10.37,6.53,2.80375187279541,0.913727470899471
8,3,17,11.27,7.1,2.61715608465608,0
8,3,18,8.11,4.86,3.5147266313933,0
8,4,19,11.31,7.2,1.27188282738095,0
8,4,20,10.87,6.78,0,0
8,4,21,10.52,6.52,1.34151310626102,0
8,4,22,10.78,6.75,2.58264320216049,0
8,4,23,10.12,6.24,0,0
8,4,24,11.07,6.87,1.0636795752866,0.201798892967372
8,4,25,11.21,7.05,0.753152288470018,0
8,4,26,10.81,6.81,2.53700764219577,0
8,4,27,10.65,6.93,1.66501214726631,0
8,4,28,8.94,5.59,2.08647486772487,0
8,5,29,7.32,4.43,2.41224342372134,0
8,5,30,7.18,4.5,1.52765582231041,0
8,5,31,6.26,3.81,3.0551542074515,0
8,6,32,12.56,8,2.21479521825397,0
8,6,33,12.84,8.59,1.86774431988536,0
8,6,34,11.31,7.41,1.31141534391534,0
8,6,35,10.03,6.37,3.98317656305115,0
8,6,36,11.27,7.31,2.19058641975309,0
8,6,37,11.26,7.3,3.29059951940035,0
8,6,38,8.62,5.18,2.77057613205467,0
8,6,39,9.45,6.18,1.05762235449735,0
8,6,40,12.57,8.15,2.52879304783951,0
8,6,41,11.21,7.03,1.27618135361552,0
8,6,42,10.67,6.71,2.64005348544974,0
8,6,43,9.25,6.12,3.89504275683421,0
8,6,44,6.43,3.92,3.07333546737213,0
8,6,45,9.09,5.93,3.7588633234127,0.0298400044312169
8,6,46,7.37,4.58,1.60527508377425,0
8,6,47,7.59,4.52,1.54470899470899,0
8,7,48,6.24,3.88,1.64782891313933,0
8,7,49,6.48,3.7,2.82336744819224,0
8,7,50,6.54,3.73,2.81381583002646,0
8,7,51,7.27,4.22,3.17749763447972,0
8,7,52,7.28,4.39,0,0
8,8,53,7.57,4.51,0,0
8,8,54,8.01,5.19,3.37120065806878,0
8,8,55,7.72,4.52,1.68483532738095,0
8,8,56,7.37,4.41,0,0
8,8,57,7.48,4.46,1.30350450396825,0
8,8,58,7.6,4.38,2.86915784832452,0
8,9,59,10.69,7.02,0,0
8,9,60,11.33,7.67,1.98992189484127,0
8,9,61,9.74,6.51,1.09997795414462,0
8,9,62,9.56,6.42,0,0
8,9,63,9.17,5.87,0,0
8,9,64,10.56,6.89,0,0
8,9,65,11.84,8.05,0.67496448170194,0
8,9,66,10.15,7.02,1.39506907738095,0
8,9,67,8.69,5.56,0.95598544973545,0
8,9,68,7.55,4.58,1.46416900132275,0
8,9,69,11.42,7.69,1.60037737323633,1.77297178130511
8,9,70,8.26,5.17,1.87182580467372,0.537957655643739
8,9,71,9.54,5.87,1.04382007429453,0.663267728725749
8,9,72,7.25,4.38,0.535692239858907,0
8,9,73,7.6,4.38,0,0
8,10,74,7.37,4.04,1.00413932021605,0
8,10,75,7.37,4.27,1.57331023148148,0.462657115520282
8,11,76,6.88,4.08,1.10266282407407,0
8,11,77,7.28,4.12,0.51521066468254,0
8,11,78,7.43,4.23,1.07428737488977,0
8,11,79,7.5,4.36,1.40053093805115,0
8,11,80,7.33,4.21,2.36736812610229,0
8,11,81,7.46,4.3,3.73759920634921,0
8,12,82,7.07,3.98,2.31824695326279,0
8,12,83,6.24,3.39,4.66599977954145,0
8,12,84,5.63,3.41,4.59459175044092,0
8,12,85,8.09,4.83,2.40023383487654,0.148632413800705
8,12,86,7.67,4.41,3.76532520943563,0
8,12,87,7.38,4.46,3.97085537918871,0.334628527336861
8,12,88,5.95,3.74,5.01639660493827,2.54715057319224
8,12,89,6.05,3.78,5.60206844246032,0.851064776124339
9,1,1,0,0,0,1.53252157297178
9,1,2,0,0,0,2.29587219356261
9,1,3,0,0,0,0.409446649029982
9,1,4,0,0,2.82646762455908,0
9,1,5,0,0,2.1674430643739,0
9,1,6,0.01,0,3.65710198082011,0
9,1,7,0.36,0.09,2.08192644290123,0
9,1,8,12.75,4.75,0.422542735008818,0
9,1,9,12.75,4.75,1.43858339616402,0
9,1,10,13.86,9.16,1.5117997563933,0
9,1,11,12.56,8.15,0.970209435626102,0
9,1,12,12.24,7.86,2.96578269951499,0
9,1,13,13.48,8.37,1.94485961419753,0.472391991402116
9,2,14,12.7,8.44,1.56117123567019,1.49296737213404
9,2,15,12.58,7.72,2.7825336122134,2.05046344246032
9,3,16,11.81,7.1,2.80375187279541,0.913727470899471
9,3,17,13.3,7.79,2.61715608465608,0
9,3,18,9.37,5.34,3.5147266313933,0
9,4,19,12.84,8.1,1.27188282738095,0
9,4,20,12.76,7.47,0,0
9,4,21,12.41,7.15,1.34151310626102,0
9,4,22,12.44,7.43,2.58264320216049,0
9,4,23,11.99,6.82,0,0
9,4,24,12.34,7.54,1.0636795752866,0.201798892967372
9,4,25,13.32,7.84,0.753152288470018,0
9,4,26,12.62,7.41,2.53700764219577,0
9,4,27,12.21,7.59,1.66501214726631,0
9,4,28,10.4,6.06,2.08647486772487,0
9,5,29,8.18,4.79,2.41224342372134,0
9,5,30,8.27,4.85,1.52765582231041,0
9,5,31,6.77,3.88,3.0551542074515,0
9,6,32,13.61,8.57,2.21479521825397,0
9,6,33,13.93,9.19,1.86774431988536,0
9,6,34,13.36,8.02,1.31141534391534,0
9,6,35,11.17,6.93,3.98317656305115,0
9,6,36,12.8,7.94,2.19058641975309,0
9,6,37,12.8,7.93,3.29059951940035,0
9,6,38,9.22,5.42,2.77057613205467,0
9,6,39,10.66,6.53,1.05762235449735,0
9,6,40,12.96,8.49,2.52879304783951,0
9,6,41,12.39,7.83,1.27618135361552,0
9,6,42,11.76,7.38,2.64005348544974,0
9,6,43,10.02,6.29,3.89504275683421,0
9,6,44,6.98,4.08,3.07333546737213,0
9,6,45,9.81,6.16,3.7588633234127,0.0298400044312169
9,6,46,7.49,4.59,1.60527508377425,0
9,6,47,7.46,4.62,1.54470899470899,0
9,7,48,6.7,3.9,1.64782891313933,0
9,7,49,6.44,3.71,2.82336744819224,0
9,7,50,6.36,3.68,2.81381583002646,0
9,7,51,7,4.05,3.17749763447972,0
9,7,52,7.35,4.5,0,0
9,8,53,7.46,4.61,0,0
9,8,54,8.68,5.46,3.37120065806878,0
9,8,55,7.59,4.57,1.68483532738095,0
9,8,56,7.27,4.41,0,0
9,8,57,7.42,4.42,1.30350450396825,0
9,8,58,7.06,4.3,2.86915784832452,0
9,9,59,11.77,7.49,0,0
9,9,60,12.67,8.02,1.98992189484127,0
9,9,61,10.74,6.81,1.09997795414462,0
9,9,62,10.74,6.76,0,0
9,9,63,9.78,6.19,0,0
9,9,64,11.22,7.35,0,0
9,9,65,13.09,8.57,0.67496448170194,0
9,9,66,11.63,7.31,1.39506907738095,0
9,9,67,9.22,5.78,0.95598544973545,0
9,9,68,7.4,4.45,1.46416900132275,0
9,9,69,12.8,8.24,1.60037737323633,1.77297178130511
9,9,70,8.38,5.4,1.87182580467372,0.537957655643739
9,9,71,9.72,6.07,1.04382007429453,0.663267728725749
9,9,72,6.77,4.39,0.535692239858907,0
9,9,73,7.06,4.3,0,0
9,10,74,6.96,4.16,1.00413932021605,0
9,10,75,6.89,4.26,1.57331023148148,0.462657115520282
9,11,76,6.32,3.98,1.10266282407407,0
9,11,77,6.8,4.1,0.51521066468254,0
9,11,78,7.05,4.15,1.07428737488977,0
9,11,79,7.21,4.3,1.40053093805115,0
9,11,80,7.04,4.23,2.36736812610229,0
9,11,81,7.2,4.3,3.73759920634921,0
9,12,82,6.74,4.06,2.31824695326279,0
9,12,83,5.89,3.42,4.66599977954145,0
9,12,84,5.31,3.41,4.59459175044092,0
9,12,85,7.71,4.83,2.40023383487654,0.148632413800705
9,12,86,7.28,4.36,3.76532520943563,0
9,12,87,7.05,4.43,3.97085537918871,0.334628527336861
9,12,88,5.65,3.72,5.01639660493827,2.54715057319224
9,12,89,5.88,3.65,5.60206844246032,0.851064776124339
10,1,1,0,0,0,1.53252157297178
10,1,2,0,0,0,2.29587219356261
10,1,3,0,0,0,0.409446649029982
10,1,4,0,0,2.82646762455908,0
10,1,5,0,0,2.1674430643739,0
10,1,6,0.02,0.01,3.65710198082011,0
10,1,7,0.64,0.16,2.08192644290123,0
10,1,8,13.28,5.57,0.422542735008818,0
10,1,9,13.28,5.57,1.43858339616402,0
10,1,10,14.98,9.57,1.5117997563933,0
10,1,11,13.23,8.32,0.970209435626102,0
10,1,12,12.92,8.04,2.96578269951499,0
10,1,13,13.17,8.21,1.94485961419753,0.472391991402116
10,2,14,13.89,8.83,1.56117123567019,1.49296737213404
10,2,15,11.69,7.32,2.7825336122134,2.05046344246032
10,3,16,10.95,6.79,2.80375187279541,0.913727470899471
10,3,17,10.96,7,2.61715608465608,0
10,3,18,8.63,5.28,3.5147266313933,0
10,4,19,11.36,7.41,1.27188282738095,0
10,4,20,11,7.15,0,0
10,4,21,10.55,6.76,1.34151310626102,0
10,4,22,10.69,7.02,2.58264320216049,0
10,4,23,10.25,6.61,0,0
10,4,24,11.21,7.25,1.0636795752866,0.201798892967372
10,4,25,11.52,7.3,0.753152288470018,0
10,4,26,10.85,7.08,2.53700764219577,0
10,4,27,10.48,7.11,1.66501214726631,0
10,4,28,9.14,5.86,2.08647486772487,0
10,5,29,8.09,5.08,2.41224342372134,0
10,5,30,7.92,5.07,1.52765582231041,0
10,5,31,6.75,4.41,3.0551542074515,0
10,6,32,12.71,8.34,2.21479521825397,0
10,6,33,13.04,8.63,1.86774431988536,0
10,6,34,11.35,7.66,1.31141534391534,0
10,6,35,10.54,6.85,3.98317656305115,0
10,6,36,11.75,7.84,2.19058641975309,0
10,6,37,11.75,7.83,3.29059951940035,0
10,6,38,8.77,5.7,2.77057613205467,0
10,6,39,9.9,6.69,1.05762235449735,0
10,6,40,13.49,8.41,2.52879304783951,0
10,6,41,11.76,7.38,1.27618135361552,0
10,6,42,11.06,7,2.64005348544974,0
10,6,43,9.37,6.36,3.89504275683421,0
10,6,44,6.74,4.47,3.07333546737213,0
10,6,45,9.3,6.39,3.7588633234127,0.0298400044312169
10,6,46,7.83,5.29,1.60527508377425,0
10,6,47,7.79,5.3,1.54470899470899,0
10,7,48,6.73,4.34,1.64782891313933,0
10,7,49,6.8,4.16,2.82336744819224,0
10,7,50,6.99,4.29,2.81381583002646,0
10,7,51,7.43,4.77,3.17749763447972,0
10,7,52,7.89,5.09,0,0
10,8,53,7.79,5.29,0,0
10,8,54,8.35,5.78,3.37120065806878,0
10,8,55,8,5.08,1.68483532738095,0
10,8,56,7.8,4.9,0,0
10,8,57,7.85,4.97,1.30350450396825,0
10,8,58,7.81,4.95,2.86915784832452,0
10,9,59,11.42,7.24,0,0
10,9,60,11.2,7.79,1.98992189484127,0
10,9,61,9.81,6.92,1.09997795414462,0
10,9,62,9.81,6.84,0,0
10,9,63,9.01,6.37,0,0
10,9,64,10.4,7.36,0,0
10,9,65,11.81,8.23,0.67496448170194,0
10,9,66,10.63,7.37,1.39506907738095,0
10,9,67,8.78,6,0.95598544973545,0
10,9,68,7.92,5.05,1.46416900132275,0
10,9,69,11.67,7.78,1.60037737323633,1.77297178130511
10,9,70,8.26,5.75,1.87182580467372,0.537957655643739
10,9,71,9.72,6.55,1.04382007429453,0.663267728725749
10,9,72,7.43,4.9,0.535692239858907,0
10,9,73,7.81,4.94,0,0
10,10,74,7.4,4.75,1.00413932021605,0
10,10,75,7.49,4.8,1.57331023148148,0.462657115520282
10,11,76,7.21,4.63,1.10266282407407,0
10,11,77,7.67,4.75,0.51521066468254,0
10,11,78,7.65,4.81,1.07428737488977,0
10,11,79,7.68,4.91,1.40053093805115,0
10,11,80,7.67,4.8,2.36736812610229,0
10,11,81,7.73,4.81,3.73759920634921,0
10,12,82,7.47,4.54,2.31824695326279,0
10,12,83,6.59,4.08,4.66599977954145,0
10,12,84,6.06,3.77,4.59459175044092,0
10,12,85,8.34,5.37,2.40023383487654,0.148632413800705
10,12,86,7.78,4.82,3.76532520943563,0
10,12,87,7.7,4.86,3.97085537918871,0.334628527336861
10,12,88,6.23,4.08,5.01639660493827,2.54715057319224
10,12,89,6.15,4.02,5.60206844246032,0.851064776124339
11,1,1,0,0,0,1.53252157297178
11,1,2,0,0,0,2.29587219356261
11,1,3,0,0,0,0.409446649029982
11,1,4,0,0,2.82646762455908,0
11,1,5,0,0,2.1674430643739,0
11,1,6,0.03,0.01,3.65710198082011,0
11,1,7,1.01,0.23,2.08192644290123,0
11,1,8,13.11,5.57,0.422542735008818,0
11,1,9,13.1,5.57,1.43858339616402,0
11,1,10,13.27,9.05,1.5117997563933,0
11,1,11,11.87,7.99,0.970209435626102,0
11,1,12,11.69,7.7,2.96578269951499,0
11,1,13,12.68,8.14,1.94485961419753,0.472391991402116
11,2,14,12.13,8.35,1.56117123567019,1.49296737213404
11,2,15,12.01,7.5,2.7825336122134,2.05046344246032
11,3,16,11.12,6.76,2.80375187279541,0.913727470899471
11,3,17,12.06,7.69,2.61715608465608,0
11,3,18,9.05,4.99,3.5147266313933,0
11,4,19,12.17,7.84,1.27188282738095,0
11,4,20,11.85,7.33,0,0
11,4,21,11.62,7.06,1.34151310626102,0
11,4,22,11.91,7.31,2.58264320216049,0
11,4,23,11.21,6.8,0,0
11,4,24,11.69,7.59,1.0636795752866,0.201798892967372
11,4,25,12.27,7.65,0.753152288470018,0
11,4,26,11.87,7.33,2.53700764219577,0
11,4,27,11.6,7.4,1.66501214726631,0
11,4,28,10.27,5.86,2.08647486772487,0
11,5,29,8.23,4.68,2.41224342372134,0
11,5,30,8.29,4.77,1.52765582231041,0
11,5,31,6.91,3.84,3.0551542074515,0
11,6,32,12.99,8.5,2.21479521825397,0
11,6,33,13.08,8.86,1.86774431988536,0
11,6,34,12.73,7.87,1.31141534391534,0
11,6,35,11.13,6.56,3.98317656305115,0
11,6,36,12.51,7.75,2.19058641975309,0
11,6,37,12.51,7.74,3.29059951940035,0
11,6,38,9.38,5.25,2.77057613205467,0
11,6,39,10.68,6.29,1.05762235449735,0
11,6,40,12.42,8.46,2.52879304783951,0
11,6,41,11.78,7.75,1.27618135361552,0
11,6,42,11.18,7.41,2.64005348544974,0
11,6,43,10,6.1,3.89504275683421,0
11,6,44,7.19,4,3.07333546737213,0
11,6,45,10,6.21,3.7588633234127,0.0298400044312169
11,6,46,7.7,4.75,1.60527508377425,0
11,6,47,7.75,4.83,1.54470899470899,0
11,7,48,6.97,3.82,1.64782891313933,0
11,7,49,6.54,3.54,2.82336744819224,0
11,7,50,6.54,3.77,2.81381583002646,0
11,7,51,7.3,4.09,3.17749763447972,0
11,7,52,7.7,4.63,0,0
11,8,53,7.75,4.82,0,0
11,8,54,8.99,5.53,3.37120065806878,0
11,8,55,7.73,4.65,1.68483532738095,0
11,8,56,7.34,4.48,0,0
11,8,57,7.53,4.59,1.30350450396825,0
11,8,58,7.26,4.4,2.86915784832452,0
11,9,59,11.46,7.6,0,0
11,9,60,11.98,7.88,1.98992189484127,0
11,9,61,10.73,6.78,1.09997795414462,0
11,9,62,10.47,6.69,0,0
11,9,63,9.79,6.2,0,0
11,9,64,11.42,7.25,0,0
11,9,65,12.63,8.33,0.67496448170194,0
11,9,66,11.5,7.33,1.39506907738095,0
11,9,67,9.61,5.78,0.95598544973545,0
11,9,68,7.46,4.68,1.46416900132275,0
11,9,69,12.26,8.16,1.60037737323633,1.77297178130511
11,9,70,8.75,5.54,1.87182580467372,0.537957655643739
11,9,71,9.71,6.04,1.04382007429453,0.663267728725749
11,9,72,6.84,4.46,0.535692239858907,0
11,9,73,7.25,4.4,0,0
11,10,74,7.03,4.13,1.00413932021605,0
11,10,75,7,4.25,1.57331023148148,0.462657115520282
11,11,76,6.45,4.07,1.10266282407407,0
11,11,77,7.06,4.24,0.51521066468254,0
11,11,78,7.39,4.25,1.07428737488977,0
11,11,79,7.49,4.27,1.40053093805115,0
11,11,80,7.22,4.28,2.36736812610229,0
11,11,81,7.07,4.4,3.73759920634921,0
11,12,82,6.76,3.97,2.31824695326279,0
11,12,83,6.05,3.49,4.66599977954145,0
11,12,84,5.48,3.39,4.59459175044092,0
11,12,85,8.1,5.02,2.40023383487654,0.148632413800705
11,12,86,7.43,4.38,3.76532520943563,0
11,12,87,7.41,4.51,3.97085537918871,0.334628527336861
11,12,88,5.69,3.85,5.01639660493827,2.54715057319224
11,12,89,5.7,3.9,5.60206844246032,0.851064776124339
12,1,1,0,0,0,1.53252157297178
12,1,2,0,0,0,2.29587219356261
12,1,3,0,0,0,0.409446649029982
12,1,4,0,0,2.82646762455908,0
12,1,5,0,0,2.1674430643739,0
12,1,6,0.03,0.01,3.65710198082011,0
12,1,7,0.88,0.21,2.08192644290123,0
12,1,8,13.31,6.02,0.422542735008818,0
12,1,9,13.31,6.01,1.43858339616402,0
12,1,10,13.75,8.97,1.5117997563933,0
12,1,11,12.91,8.35,0.970209435626102,0
12,1,12,12.53,8.14,2.96578269951499,0
12,1,13,12.96,8.46,1.94485961419753,0.472391991402116
12,2,14,13.4,8.83,1.56117123567019,1.49296737213404
12,2,15,12,7.38,2.7825336122134,2.05046344246032
12,3,16,11.42,6.74,2.80375187279541,0.913727470899471
12,3,17,12.47,7.71,2.61715608465608,0
12,3,18,9.74,4.98,3.5147266313933,0
12,4,19,12.39,8.01,1.27188282738095,0
12,4,20,12.27,7.34,0,0
12,4,21,11.93,7.03,1.34151310626102,0
12,4,22,12.11,7.29,2.58264320216049,0
12,4,23,11.36,6.71,0,0
12,4,24,11.86,7.64,1.0636795752866,0.201798892967372
12,4,25,12.57,7.49,0.753152288470018,0
12,4,26,12.14,7.14,2.53700764219577,0
12,4,27,11.83,7.46,1.66501214726631,0
12,4,28,10.57,5.81,2.08647486772487,0
12,5,29,8.5,4.58,2.41224342372134,0
12,5,30,8.53,4.51,1.52765582231041,0
12,5,31,6.98,3.73,3.0551542074515,0
12,6,32,13.72,8.72,2.21479521825397,0
12,6,33,13.81,9.31,1.86774431988536,0
12,6,34,12.79,7.56,1.31141534391534,0
12,6,35,11.77,6.69,3.98317656305115,0
12,6,36,12.69,7.67,2.19058641975309,0
12,6,37,12.69,7.67,3.29059951940035,0
12,6,38,9.66,5.22,2.77057613205467,0
12,6,39,11.09,6.36,1.05762235449735,0
12,6,40,13.36,8.7,2.52879304783951,0
12,6,41,11.9,7.82,1.27618135361552,0
12,6,42,11.65,7.48,2.64005348544974,0
12,6,43,10.31,6.06,3.89504275683421,0
12,6,44,7.32,3.86,3.07333546737213,0
12,6,45,10.12,5.9,3.7588633234127,0.0298400044312169
12,6,46,7.79,4.65,1.60527508377425,0
12,6,47,7.89,4.65,1.54470899470899,0
12,7,48,6.91,3.79,1.64782891313933,0
12,7,49,6.22,3.5,2.82336744819224,0
12,7,50,6.22,3.65,2.81381583002646,0
12,7,51,6.79,4.04,3.17749763447972,0
12,7,52,7.41,4.44,0,0
12,8,53,7.88,4.64,0,0
12,8,54,8.78,5.34,3.37120065806878,0
12,8,55,7.26,4.56,1.68483532738095,0
12,8,56,6.93,4.35,0,0
12,8,57,7.25,4.45,1.30350450396825,0
12,8,58,7.19,4.33,2.86915784832452,0
12,9,59,11.86,7.73,0,0
12,9,60,12.3,7.71,1.98992189484127,0
12,9,61,10.98,6.67,1.09997795414462,0
12,9,62,10.83,6.58,0,0
12,9,63,9.9,5.98,0,0
12,9,64,11.61,7.16,0,0
12,9,65,12.74,8.32,0.67496448170194,0
12,9,66,11.85,7.1,1.39506907738095,0
12,9,67,9.44,5.68,0.95598544973545,0
12,9,68,7.4,4.5,1.46416900132275,0
12,9,69,12.42,8.31,1.60037737323633,1.77297178130511
12,9,70,8.86,5.28,1.87182580467372,0.537957655643739
12,9,71,10.1,5.93,1.04382007429453,0.663267728725749
12,9,72,6.61,4.26,0.535692239858907,0
12,9,73,7.19,4.33,0,0
12,10,74,6.84,3.94,1.00413932021605,0
12,10,75,6.75,4.23,1.57331023148148,0.462657115520282
12,11,76,5.95,4.05,1.10266282407407,0
12,11,77,6.51,4.06,0.51521066468254,0
12,11,78,6.84,4.03,1.07428737488977,0
12,11,79,7.11,4.31,1.40053093805115,0
12,11,80,6.96,4.12,2.36736812610229,0
12,11,81,6.94,4.27,3.73759920634921,0
12,12,82,6.38,3.96,2.31824695326279,0
12,12,83,5.57,3.34,4.66599977954145,0
12,12,84,5.23,3.25,4.59459175044092,0
12,12,85,7.92,4.94,2.40023383487654,0.148632413800705
12,12,86,7.07,4.28,3.76532520943563,0
12,12,87,6.79,4.38,3.97085537918871,0.334628527336861
12,12,88,5.79,3.69,5.01639660493827,2.54715057319224
12,12,89,5.36,3.8,5.60206844246032,0.851064776124339
13,1,1,0,0,0,1.53252157297178
13,1,2,0,0,0,2.29587219356261
13,1,3,0,0,0,0.409446649029982
13,1,4,0,0,2.82646762455908,0
13,1,5,0,0,2.1674430643739,0
13,1,6,0.01,0,3.65710198082011,0
13,1,7,0.31,0.07,2.08192644290123,0
13,1,8,13.17,4.71,0.422542735008818,0
13,1,9,13.17,4.71,1.43858339616402,0
13,1,10,13.42,9.05,1.5117997563933,0
13,1,11,11.88,7.87,0.970209435626102,0
13,1,12,11.56,7.6,2.96578269951499,0
13,1,13,11.94,7.77,1.94485961419753,0.472391991402116
13,2,14,12.6,8.4,1.56117123567019,1.49296737213404
13,2,15,11.21,7.3,2.7825336122134,2.05046344246032
13,3,16,10.71,6.82,2.80375187279541,0.913727470899471
13,3,17,11.71,7.63,2.61715608465608,0
13,3,18,9.23,5.41,3.5147266313933,0
13,4,19,11.69,7.73,1.27188282738095,0
13,4,20,11.88,7.55,0,0
13,4,21,11.49,7.24,1.34151310626102,0
13,4,22,11.41,7.36,2.58264320216049,0
13,4,23,10.73,7.01,0,0
13,4,24,11.2,7.27,1.0636795752866,0.201798892967372
13,4,25,11.82,7.79,0.753152288470018,0
13,4,26,11.6,7.46,2.53700764219577,0
13,4,27,11.39,7.55,1.66501214726631,0
13,4,28,10.57,6.3,2.08647486772487,0
13,5,29,8.69,4.96,2.41224342372134,0
13,5,30,9.01,5.16,1.52765582231041,0
13,5,31,7.47,4.03,3.0551542074515,0
13,6,32,12.92,8.53,2.21479521825397,0
13,6,33,13.03,8.92,1.86774431988536,0
13,6,34,12.72,8.12,1.31141534391534,0
13,6,35,11.54,7.08,3.98317656305115,0
13,6,36,12.36,7.76,2.19058641975309,0
13,6,37,12.36,7.75,3.29059951940035,0
13,6,38,10.16,5.67,2.77057613205467,0
13,6,39,11.09,6.73,1.05762235449735,0
13,6,40,12.91,8.38,2.52879304783951,0
13,6,41,11.48,7.32,1.27618135361552,0
13,6,42,11.16,7.12,2.64005348544974,0
13,6,43,10.55,6.61,3.89504275683421,0
13,6,44,7.57,3.73,3.07333546737213,0
13,6,45,10.46,6.42,3.7588633234127,0.0298400044312169
13,6,46,8.39,4.9,1.60527508377425,0
13,6,47,8.2,4.96,1.54470899470899,0
13,7,48,7.47,4.14,1.64782891313933,0
13,7,49,7.24,3.76,2.82336744819224,0
13,7,50,7.13,3.79,2.81381583002646,0
13,7,51,7.62,4.23,3.17749763447972,0
13,7,52,7.96,4.63,0,0
13,8,53,8.19,4.95,0,0
13,8,54,9.13,5.58,3.37120065806878,0
13,8,55,8.23,4.7,1.68483532738095,0
13,8,56,8.16,4.49,0,0
13,8,57,8.19,4.66,1.30350450396825,0
13,8,58,7.63,4.39,2.86915784832452,0
13,9,59,11.48,7.39,0,0
13,9,60,12.52,8.04,1.98992189484127,0
13,9,61,11.09,7.08,1.09997795414462,0
13,9,62,10.89,7,0,0
13,9,63,10.02,6.36,0,0
13,9,64,11.57,7.56,0,0
13,9,65,12.55,8.33,0.67496448170194,0
13,9,66,11.5,7.47,1.39506907738095,0
13,9,67,9.6,5.86,0.95598544973545,0
13,9,68,8.22,4.68,1.46416900132275,0
13,9,69,11.85,8.12,1.60037737323633,1.77297178130511
13,9,70,8.83,5.51,1.87182580467372,0.537957655643739
13,9,71,9.85,6.12,1.04382007429453,0.663267728725749
13,9,72,7.28,4.41,0.535692239858907,0
13,9,73,7.63,4.39,0,0
13,10,74,7.74,4.17,1.00413932021605,0
13,10,75,7.65,4.36,1.57331023148148,0.462657115520282
13,11,76,7.24,4.2,1.10266282407407,0
13,11,77,7.52,4.27,0.51521066468254,0
13,11,78,7.67,4.19,1.07428737488977,0
13,11,79,7.61,4.44,1.40053093805115,0
13,11,80,7.74,4.28,2.36736812610229,0
13,11,81,7.91,4.46,3.73759920634921,0
13,12,82,7.41,4.06,2.31824695326279,0
13,12,83,6.42,3.4,4.66599977954145,0
13,12,84,5.81,3.32,4.59459175044092,0
13,12,85,8.54,5.12,2.40023383487654,0.148632413800705
13,12,86,7.67,4.48,3.76532520943563,0
13,12,87,7.59,4.47,3.97085537918871,0.334628527336861
13,12,88,6.04,3.89,5.01639660493827,2.54715057319224
13,12,89,6.24,3.81,5.60206844246032,0.851064776124339
14,1,1,0,0,0,1.53252157297178
14,1,2,0,0,0,2.29587219356261
14,1,3,0,0,0,0.409446649029982
14,1,4,0,0,2.82646762455908,0
14,1,5,0,0,2.1674430643739,0
14,1,6,0.06,0.03,3.65710198082011,0
14,1,7,1.11,0.33,2.08192644290123,0
14,1,8,12.32,5.57,0.422542735008818,0
14,1,9,12.31,5.57,1.43858339616402,0
14,1,10,13.1,8.95,1.5117997563933,0
14,1,11,12.47,8.2,0.970209435626102,0
14,1,12,12.28,7.99,2.96578269951499,0
14,1,13,13.2,8.51,1.94485961419753,0.472391991402116
14,2,14,12.28,8.39,1.56117123567019,1.49296737213404
14,2,15,13.15,7.88,2.7825336122134,2.05046344246032
14,3,16,11.86,7.25,2.80375187279541,0.913727470899471
14,3,17,13.04,7.91,2.61715608465608,0
14,3,18,9.39,5.68,3.5147266313933,0
14,4,19,12.58,7.99,1.27188282738095,0
14,4,20,13,7.71,0,0
14,4,21,12.6,7.43,1.34151310626102,0
14,4,22,12.74,7.73,2.58264320216049,0
14,4,23,12.32,7.21,0,0
14,4,24,12.3,7.83,1.0636795752866,0.201798892967372
14,4,25,12.95,7.89,0.753152288470018,0
14,4,26,12.85,7.67,2.53700764219577,0
14,4,27,12.66,7.79,1.66501214726631,0
14,4,28,10.28,6.52,2.08647486772487,0
14,5,29,8.62,5.4,2.41224342372134,0
14,5,30,8.6,5.2,1.52765582231041,0
14,5,31,7.47,4.47,3.0551542074515,0
14,6,32,13.55,8.72,2.21479521825397,0
14,6,33,13.48,8.97,1.86774431988536,0
14,6,34,12.86,8.22,1.31141534391534,0
14,6,35,11.65,7.04,3.98317656305115,0
14,6,36,12.86,8.22,2.19058641975309,0
14,6,37,12.86,8.22,3.29059951940035,0
14,6,38,9.62,5.97,2.77057613205467,0
14,6,39,10.62,6.87,1.05762235449735,0
14,6,40,12.91,8.54,2.52879304783951,0
14,6,41,12.55,8.09,1.27618135361552,0
14,6,42,12.38,7.9,2.64005348544974,0
14,6,43,10.1,6.61,3.89504275683421,0
14,6,44,7.5,4.55,3.07333546737213,0
14,6,45,10.06,6.73,3.7588633234127,0.0298400044312169
14,6,46,8.36,5.41,1.60527508377425,0
14,6,47,8.1,5.38,1.54470899470899,0
14,7,48,7.32,4.36,1.64782891313933,0
14,7,49,6.98,4.22,2.82336744819224,0
14,7,50,7.1,4.36,2.81381583002646,0
14,7,51,7.64,4.88,3.17749763447972,0
14,7,52,7.97,5.25,0,0
14,8,53,8.1,5.38,0,0
14,8,54,9.24,6.09,3.37120065806878,0
14,8,55,8,5.25,1.68483532738095,0
14,8,56,7.6,5.04,0,0
14,8,57,7.95,5.17,1.30350450396825,0
14,8,58,7.57,4.9,2.86915784832452,0
14,9,59,12.88,8.01,0,0
14,9,60,12.3,8.41,1.98992189484127,0
14,9,61,10.9,7.39,1.09997795414462,0
14,9,62,10.67,7.35,0,0
14,9,63,9.85,6.73,0,0
14,9,64,11.48,7.83,0,0
14,9,65,12.98,8.83,0.67496448170194,0
14,9,66,11.25,7.81,1.39506907738095,0
14,9,67,9.72,6.29,0.95598544973545,0
14,9,68,8.07,5.17,1.46416900132275,0
14,9,69,12.94,8.2,1.60037737323633,1.77297178130511
14,9,70,8.88,6.02,1.87182580467372,0.537957655643739
14,9,71,9.43,6.51,1.04382007429453,0.663267728725749
14,9,72,7.32,4.98,0.535692239858907,0
14,9,73,7.57,4.9,0,0
14,10,74,7.48,4.79,1.00413932021605,0
14,10,75,7.27,4.86,1.57331023148148,0.462657115520282
14,11,76,6.96,4.7,1.10266282407407,0
14,11,77,7.56,4.85,0.51521066468254,0
14,11,78,7.63,4.84,1.07428737488977,0
14,11,79,7.79,4.97,1.40053093805115,0
14,11,80,7.58,4.79,2.36736812610229,0
14,11,81,7.65,4.81,3.73759920634921,0
14,12,82,7.19,4.55,2.31824695326279,0
14,12,83,6.63,4.03,4.66599977954145,0
14,12,84,5.76,3.77,4.59459175044092,0
14,12,85,8.5,5.51,2.40023383487654,0.148632413800705
14,12,86,7.8,5.05,3.76532520943563,0
14,12,87,7.34,5.03,3.97085537918871,0.334628527336861
14,12,88,5.97,4.25,5.01639660493827,2.54715057319224
14,12,89,6.07,4.14,5.60206844246032,0.851064776124339
15,1,1,0,0,0,1.53252157297178
15,1,2,0,0,0,2.29587219356261
15,1,3,0,0,0,0.409446649029982
15,1,4,0,0,2.82646762455908,0
15,1,5,0,0,2.1674430643739,0
15,1,6,0,0,3.65710198082011,0
15,1,7,0.15,0.04,2.08192644290123,0
15,1,8,11.4,3.72,0.422542735008818,0
15,1,9,11.4,3.71,1.43858339616402,0
15,1,10,14.68,9.64,1.5117997563933,0
15,1,11,13.39,8.72,0.970209435626102,0
15,1,12,13.05,8.41,2.96578269951499,0
15,1,13,13.62,8.92,1.94485961419753,0.472391991402116
15,2,14,13.81,9.14,1.56117123567019,1.49296737213404
15,2,15,13.09,7.87,2.7825336122134,2.05046344246032
15,3,16,12.15,7.19,2.80375187279541,0.913727470899471
15,3,17,12.88,7.81,2.61715608465608,0
15,3,18,9.57,5.38,3.5147266313933,0
15,4,19,12.92,8.24,1.27188282738095,0
15,4,20,12.92,7.67,0,0
15,4,21,12.26,7.48,1.34151310626102,0
15,4,22,12.67,7.68,2.58264320216049,0
15,4,23,11.87,7.14,0,0
15,4,24,12.49,7.85,1.0636795752866,0.201798892967372
15,4,25,12.95,7.87,0.753152288470018,0
15,4,26,12.65,7.63,2.53700764219577,0
15,4,27,12.58,7.76,1.66501214726631,0
15,4,28,10.58,6.33,2.08647486772487,0
15,5,29,8.5,5.05,2.41224342372134,0
15,5,30,8.45,5.11,1.52765582231041,0
15,5,31,6.77,4.23,3.0551542074515,0
15,6,32,13.96,8.87,2.21479521825397,0
15,6,33,14.08,9.36,1.86774431988536,0
15,6,34,13.16,8.16,1.31141534391534,0
15,6,35,11.57,7.01,3.98317656305115,0
15,6,36,13.21,8.1,2.19058641975309,0
15,6,37,13.21,8.1,3.29059951940035,0
15,6,38,9.55,5.73,2.77057613205467,0
15,6,39,10.85,6.92,1.05762235449735,0
15,6,40,13.92,9,2.52879304783951,0
15,6,41,12.81,8.15,1.27618135361552,0
15,6,42,12.57,7.74,2.64005348544974,0
15,6,43,10.25,6.45,3.89504275683421,0
15,6,44,7.13,4.43,3.07333546737213,0
15,6,45,10.02,6.43,3.7588633234127,0.0298400044312169
15,6,46,7.66,5.05,1.60527508377425,0
15,6,47,7.68,5.08,1.54470899470899,0
15,7,48,7.01,4.33,1.64782891313933,0
15,7,49,6.34,3.88,2.82336744819224,0
15,7,50,6.36,3.96,2.81381583002646,0
15,7,51,6.88,4.34,3.17749763447972,0
15,7,52,7.27,4.83,0,0
15,8,53,7.68,5.08,0,0
15,8,54,9.09,5.77,3.37120065806878,0
15,8,55,7.65,4.79,1.68483532738095,0
15,8,56,7.24,4.7,0,0
15,8,57,7.38,4.74,1.30350450396825,0
15,8,58,7.16,4.6,2.86915784832452,0
15,9,59,12.86,7.94,0,0
15,9,60,12.43,8.26,1.98992189484127,0
15,9,61,10.93,7.12,1.09997795414462,0
15,9,62,10.88,7.09,0,0
15,9,63,10.1,6.46,0,0
15,9,64,11.7,7.67,0,0
15,9,65,13.03,8.46,0.67496448170194,0
15,9,66,11.54,7.47,1.39506907738095,0
15,9,67,9.66,5.91,0.95598544973545,0
15,9,68,7.59,4.8,1.46416900132275,0
15,9,69,13.16,8.54,1.60037737323633,1.77297178130511
15,9,70,8.68,5.67,1.87182580467372,0.537957655643739
15,9,71,9.77,6.5,1.04382007429453,0.663267728725749
15,9,72,7.11,4.57,0.535692239858907,0
15,9,73,7.16,4.6,0,0
15,10,74,7.06,4.4,1.00413932021605,0
15,10,75,6.89,4.43,1.57331023148148,0.462657115520282
15,11,76,6.58,4.35,1.10266282407407,0
15,11,77,6.86,4.36,0.51521066468254,0
15,11,78,7.03,4.33,1.07428737488977,0
15,11,79,7.14,4.5,1.40053093805115,0
15,11,80,7.1,4.36,2.36736812610229,0
15,11,81,7.03,4.41,3.73759920634921,0
15,12,82,6.71,4.18,2.31824695326279,0
15,12,83,5.9,3.57,4.66599977954145,0
15,12,84,5.57,3.43,4.59459175044092,0
15,12,85,8.08,5.06,2.40023383487654,0.148632413800705
15,12,86,7.2,4.4,3.76532520943563,0
15,12,87,7.03,4.55,3.97085537918871,0.334628527336861
15,12,88,5.68,3.84,5.01639660493827,2.54715057319224
15,12,89,5.65,3.72,5.60206844246032,0.851064776124339
16,1,1,0,0,0,1.53252157297178
16,1,2,0,0,0,2.29587219356261
16,1,3,0,0,0,0.409446649029982
16,1,4,0,0,2.82646762455908,0
16,1,5,0,0,2.1674430643739,0
16,1,6,0.01,0,3.65710198082011,0
16,1,7,0.33,0.08,2.08192644290123,0
16,1,8,11.45,4.46,0.422542735008818,0
16,1,9,11.45,4.46,1.43858339616402,0
16,1,10,14.27,9.3,1.5117997563933,0
16,1,11,12.63,8.2,0.970209435626102,0
16,1,12,12.25,7.93,2.96578269951499,0
16,1,13,12.43,8.24,1.94485961419753,0.472391991402116
16,2,14,13.25,8.64,1.56117123567019,1.49296737213404
16,2,15,11.56,7.4,2.7825336122134,2.05046344246032
16,3,16,10.89,6.76,2.80375187279541,0.913727470899471
16,3,17,12.06,7.65,2.61715608465608,0
16,3,18,8.64,5.3,3.5147266313933,0
16,4,19,11.73,7.87,1.27188282738095,0
16,4,20,11.73,7.26,0,0
16,4,21,11.46,6.98,1.34151310626102,0
16,4,22,11.58,7.29,2.58264320216049,0
16,4,23,11.06,6.78,0,0
16,4,24,11.3,7.46,1.0636795752866,0.201798892967372
16,4,25,12.11,7.56,0.753152288470018,0
16,4,26,11.64,7.15,2.53700764219577,0
16,4,27,11.08,7.23,1.66501214726631,0
16,4,28,9.77,6.01,2.08647486772487,0
16,5,29,7.94,4.79,2.41224342372134,0
16,5,30,7.85,4.8,1.52765582231041,0
16,5,31,6.56,3.94,3.0551542074515,0
16,6,32,12.83,8.4,2.21479521825397,0
16,6,33,13.11,8.85,1.86774431988536,0
16,6,34,12.24,7.76,1.31141534391534,0
16,6,35,10.49,6.74,3.98317656305115,0
16,6,36,11.79,7.6,2.19058641975309,0
16,6,37,11.79,7.6,3.29059951940035,0
16,6,38,9.02,5.49,2.77057613205467,0
16,6,39,9.92,6.39,1.05762235449735,0
16,6,40,13.4,8.75,2.52879304783951,0
16,6,41,11.46,7.66,1.27618135361552,0
16,6,42,11.39,7.4,2.64005348544974,0
16,6,43,9.6,6.29,3.89504275683421,0
16,6,44,6.73,4.14,3.07333546737213,0
16,6,45,9.3,6.14,3.7588633234127,0.0298400044312169
16,6,46,7.43,4.67,1.60527508377425,0
16,6,47,7.5,4.77,1.54470899470899,0
16,7,48,6.71,4.05,1.64782891313933,0
16,7,49,6.37,3.76,2.82336744819224,0
16,7,50,6.34,3.71,2.81381583002646,0
16,7,51,7.02,4.25,3.17749763447972,0
16,7,52,7.31,4.57,0,0
16,8,53,7.5,4.77,0,0
16,8,54,8.57,5.43,3.37120065806878,0
16,8,55,7.41,4.64,1.68483532738095,0
16,8,56,7.32,4.47,0,0
16,8,57,7.35,4.53,1.30350450396825,0
16,8,58,7.37,4.39,2.86915784832452,0
16,9,59,11.55,7.46,0,0
16,9,60,11.82,7.86,1.98992189484127,0
16,9,61,10.1,6.71,1.09997795414462,0
16,9,62,10.1,6.59,0,0
16,9,63,9.26,6.13,0,0
16,9,64,10.92,7.28,0,0
16,9,65,12.45,8.28,0.67496448170194,0
16,9,66,10.35,7.26,1.39506907738095,0
16,9,67,9.14,5.8,0.95598544973545,0
16,9,68,7.45,4.65,1.46416900132275,0
16,9,69,11.84,7.92,1.60037737323633,1.77297178130511
16,9,70,8.19,5.5,1.87182580467372,0.537957655643739
16,9,71,9.22,6.08,1.04382007429453,0.663267728725749
16,9,72,6.95,4.48,0.535692239858907,0
16,9,73,7.37,4.39,0,0
16,10,74,7.22,4.25,1.00413932021605,0
16,10,75,6.79,4.24,1.57331023148148,0.462657115520282
16,11,76,6.67,4.13,1.10266282407407,0
16,11,77,6.84,4.16,0.51521066468254,0
16,11,78,6.97,4.22,1.07428737488977,0
16,11,79,7.15,4.36,1.40053093805115,0
16,11,80,6.99,4.23,2.36736812610229,0
16,11,81,7.08,4.28,3.73759920634921,0
16,12,82,6.78,4.01,2.31824695326279,0
16,12,83,5.96,3.49,4.66599977954145,0
16,12,84,5.5,3.36,4.59459175044092,0
16,12,85,7.69,4.86,2.40023383487654,0.148632413800705
16,12,86,7.1,4.39,3.76532520943563,0
16,12,87,7.07,4.42,3.97085537918871,0.334628527336861
16,12,88,5.33,3.71,5.01639660493827,2.54715057319224
16,12,89,5.5,3.76,5.60206844246032,0.851064776124339
17,1,1,0,0,0,1.53252157297178
17,1,2,0,0,0,2.29587219356261
17,1,3,0,0,0,0.409446649029982
17,1,4,0,0,2.82646762455908,0
17,1,5,0,0,2.1674430643739,0
17,1,6,0.01,0.01,3.65710198082011,0
17,1,7,0.49,0.12,2.08192644290123,0
17,1,8,12.26,4.92,0.422542735008818,0
17,1,9,12.25,4.91,1.43858339616402,0
17,1,10,12.78,8.75,1.5117997563933,0
17,1,11,11.72,7.91,0.970209435626102,0
17,1,12,11.46,7.72,2.96578269951499,0
17,1,13,11.83,7.91,1.94485961419753,0.472391991402116
17,2,14,12.19,8.33,1.56117123567019,1.49296737213404
17,2,15,11.48,7.41,2.7825336122134,2.05046344246032
17,3,16,11.03,6.77,2.80375187279541,0.913727470899471
17,3,17,12.4,7.6,2.61715608465608,0
17,3,18,9.57,5.34,3.5147266313933,0
17,4,19,12.09,7.84,1.27188282738095,0
17,4,20,12.11,7.28,0,0
17,4,21,11.67,6.98,1.34151310626102,0
17,4,22,11.69,7.25,2.58264320216049,0
17,4,23,10.99,6.73,0,0
17,4,24,11.32,7.28,1.0636795752866,0.201798892967372
17,4,25,12.53,7.59,0.753152288470018,0
17,4,26,11.94,7.19,2.53700764219577,0
17,4,27,11.56,7.3,1.66501214726631,0
17,4,28,10.51,6.07,2.08647486772487,0
17,5,29,8.53,4.92,2.41224342372134,0
17,5,30,8.62,4.91,1.52765582231041,0
17,5,31,7.31,4.06,3.0551542074515,0
17,6,32,12.96,8.41,2.21479521825397,0
17,6,33,13.02,8.94,1.86774431988536,0
17,6,34,12.67,7.76,1.31141534391534,0
17,6,35,11.54,6.78,3.98317656305115,0
17,6,36,12.52,7.58,2.19058641975309,0
17,6,37,12.52,7.57,3.29059951940035,0
17,6,38,9.74,5.57,2.77057613205467,0
17,6,39,11.01,6.64,1.05762235449735,0
17,6,40,12.59,8.33,2.52879304783951,0
17,6,41,10.95,7.35,1.27618135361552,0
17,6,42,10.73,7.08,2.64005348544974,0
17,6,43,10.27,6.36,3.89504275683421,0
17,6,44,7.5,4.2,3.07333546737213,0
17,6,45,10.13,6.35,3.7588633234127,0.0298400044312169
17,6,46,8.24,4.94,1.60527508377425,0
17,6,47,8.22,4.96,1.54470899470899,0
17,7,48,7.2,4.18,1.64782891313933,0
17,7,49,7.14,3.87,2.82336744819224,0
17,7,50,7.15,3.9,2.81381583002646,0
17,7,51,7.78,4.3,3.17749763447972,0
17,7,52,8.18,4.65,0,0
17,8,53,8.21,4.96,0,0
17,8,54,8.91,5.64,3.37120065806878,0
17,8,55,8.2,4.74,1.68483532738095,0
17,8,56,7.96,4.59,0,0
17,8,57,7.9,4.64,1.30350450396825,0
17,8,58,7.86,4.46,2.86915784832452,0
17,9,59,10.94,7.12,0,0
17,9,60,12.28,7.84,1.98992189484127,0
17,9,61,10.87,6.97,1.09997795414462,0
17,9,62,10.75,6.93,0,0
17,9,63,10.02,6.33,0,0
17,9,64,11.35,7.38,0,0
17,9,65,12.52,8.21,0.67496448170194,0
17,9,66,11.79,7.58,1.39506907738095,0
17,9,67,9.46,6.09,0.95598544973545,0
17,9,68,8.07,4.68,1.46416900132275,0
17,9,69,11.6,7.85,1.60037737323633,1.77297178130511
17,9,70,8.95,5.66,1.87182580467372,0.537957655643739
17,9,71,10.12,6.35,1.04382007429453,0.663267728725749
17,9,72,7.3,4.53,0.535692239858907,0
17,9,73,7.86,4.46,0,0
17,10,74,7.61,4.23,1.00413932021605,0
17,10,75,7.53,4.39,1.57331023148148,0.462657115520282
17,11,76,7,4.25,1.10266282407407,0
17,11,77,7.45,4.35,0.51521066468254,0
17,11,78,7.69,4.45,1.07428737488977,0
17,11,79,7.94,4.58,1.40053093805115,0
17,11,80,7.75,4.36,2.36736812610229,0
17,11,81,7.58,4.42,3.73759920634921,0
17,12,82,7.41,4.17,2.31824695326279,0
17,12,83,6.5,3.61,4.66599977954145,0
17,12,84,5.83,3.52,4.59459175044092,0
17,12,85,8.49,5.04,2.40023383487654,0.148632413800705
17,12,86,7.66,4.54,3.76532520943563,0
17,12,87,7.13,4.6,3.97085537918871,0.334628527336861
17,12,88,6.31,3.86,5.01639660493827,2.54715057319224
17,12,89,6.24,3.9,5.60206844246032,0.851064776124339
18,1,1,0,0,0,1.53252157297178
18,1,2,0,0,0,2.29587219356261
18,1,3,0,0,0,0.409446649029982
18,1,4,0,0,2.82646762455908,0
18,1,5,0,0,2.1674430643739,0
18,1,6,0.01,0.01,3.65710198082011,0
18,1,7,0.45,0.11,2.08192644290123,0
18,1,8,12.91,5.2,0.422542735008818,0
18,1,9,12.91,5.2,1.43858339616402,0
18,1,10,14.23,9.26,1.5117997563933,0
18,1,11,12.97,8.5,0.970209435626102,0
18,1,12,12.56,8.21,2.96578269951499,0
18,1,13,13.45,8.58,1.94485961419753,0.472391991402116
18,2,14,13.36,8.94,1.56117123567019,1.49296737213404
18,2,15,12.46,7.66,2.7825336122134,2.05046344246032
18,3,16,12.05,7.01,2.80375187279541,0.913727470899471
18,3,17,12.4,7.89,2.61715608465608,0
18,3,18,9.63,5.1,3.5147266313933,0
18,4,19,12.22,7.96,1.27188282738095,0
18,4,20,12.17,7.54,0,0
18,4,21,11.69,7.13,1.34151310626102,0
18,4,22,12.05,7.52,2.58264320216049,0
18,4,23,11.53,6.98,0,0
18,4,24,12.02,7.74,1.0636795752866,0.201798892967372
18,4,25,12.63,7.77,0.753152288470018,0
18,4,26,12.05,7.44,2.53700764219577,0
18,4,27,11.66,7.48,1.66501214726631,0
18,4,28,10.63,5.96,2.08647486772487,0
18,5,29,8.69,4.68,2.41224342372134,0
18,5,30,8.63,4.83,1.52765582231041,0
18,5,31,6.49,3.9,3.0551542074515,0
18,6,32,13.21,8.59,2.21479521825397,0
18,6,33,13.34,9.03,1.86774431988536,0
18,6,34,12.57,7.92,1.31141534391534,0
18,6,35,11.78,6.72,3.98317656305115,0
18,6,36,12.49,7.76,2.19058641975309,0
18,6,37,12.49,7.76,3.29059951940035,0
18,6,38,9.52,5.41,2.77057613205467,0
18,6,39,10.84,6.48,1.05762235449735,0
18,6,40,13.13,8.57,2.52879304783951,0
18,6,41,12.14,7.98,1.27618135361552,0
18,6,42,11.7,7.62,2.64005348544974,0
18,6,43,10.5,6.28,3.89504275683421,0
18,6,44,7.14,4.12,3.07333546737213,0
18,6,45,10.03,6.09,3.7588633234127,0.0298400044312169
18,6,46,7.38,4.62,1.60527508377425,0
18,6,47,7.74,4.69,1.54470899470899,0
18,7,48,6.96,3.94,1.64782891313933,0
18,7,49,6.23,3.59,2.82336744819224,0
18,7,50,6.45,3.64,2.81381583002646,0
18,7,51,6.88,4.07,3.17749763447972,0
18,7,52,7.4,4.43,0,0
18,8,53,7.73,4.69,0,0
18,8,54,8.76,5.5,3.37120065806878,0
18,8,55,7.54,4.48,1.68483532738095,0
18,8,56,7.06,4.31,0,0
18,8,57,7.38,4.4,1.30350450396825,0
18,8,58,7.26,4.19,2.86915784832452,0
18,9,59,12.03,7.74,0,0
18,9,60,12.07,7.9,1.98992189484127,0
18,9,61,10.9,6.76,1.09997795414462,0
18,9,62,10.82,6.76,0,0
18,9,63,9.84,6.07,0,0
18,9,64,11.73,7.27,0,0
18,9,65,12.81,8.31,0.67496448170194,0
18,9,66,11.64,7.27,1.39506907738095,0
18,9,67,9.49,5.95,0.95598544973545,0
18,9,68,7.48,4.45,1.46416900132275,0
18,9,69,12.42,8.18,1.60037737323633,1.77297178130511
18,9,70,8.92,5.38,1.87182580467372,0.537957655643739
18,9,71,9.88,5.91,1.04382007429453,0.663267728725749
18,9,72,6.88,4.24,0.535692239858907,0
18,9,73,7.26,4.18,0,0
18,10,74,6.7,3.93,1.00413932021605,0
18,10,75,6.74,4.01,1.57331023148148,0.462657115520282
18,11,76,5.9,3.91,1.10266282407407,0
18,11,77,6.77,3.95,0.51521066468254,0
18,11,78,6.96,4.16,1.07428737488977,0
18,11,79,7.15,4.21,1.40053093805115,0
18,11,80,7.03,3.99,2.36736812610229,0
18,11,81,7.16,4.15,3.73759920634921,0
18,12,82,6.52,3.86,2.31824695326279,0
18,12,83,5.59,3.19,4.66599977954145,0
18,12,84,5.5,3.18,4.59459175044092,0
18,12,85,8.24,4.82,2.40023383487654,0.148632413800705
18,12,86,7.12,4.27,3.76532520943563,0
18,12,87,6.71,4.22,3.97085537918871,0.334628527336861
18,12,88,5.71,3.51,5.01639660493827,2.54715057319224
18,12,89,6.06,3.54,5.60206844246032,0.851064776124339
19,1,1,0,0,0,1.53252157297178
19,1,2,0,0,0,2.29587219356261
19,1,3,0,0,0,0.409446649029982
19,1,4,0,0,2.82646762455908,0
19,1,5,0,0,2.1674430643739,0
19,1,6,0.01,0,3.65710198082011,0
19,1,7,0.28,0.07,2.08192644290123,0
19,1,8,11.53,4.28,0.422542735008818,0
19,1,9,11.53,4.27,1.43858339616402,0
19,1,10,14.7,9.25,1.5117997563933,0
19,1,11,12.52,8.03,0.970209435626102,0
19,1,12,12.05,7.69,2.96578269951499,0
19,1,13,12.27,7.89,1.94485961419753,0.472391991402116
19,2,14,13.11,8.4,1.56117123567019,1.49296737213404
19,2,15,10.78,6.82,2.7825336122134,2.05046344246032
19,3,16,10.07,6.28,2.80375187279541,0.913727470899471
19,3,17,11.42,6.91,2.61715608465608,0
19,3,18,8.21,4.98,3.5147266313933,0
19,4,19,11.76,7.59,1.27188282738095,0
19,4,20,11.24,6.82,0,0
19,4,21,10.83,6.63,1.34151310626102,0
19,4,22,10.9,6.86,2.58264320216049,0
19,4,23,10.34,6.32,0,0
19,4,24,11.21,7.04,1.0636795752866,0.201798892967372
19,4,25,11.42,7.09,0.753152288470018,0
19,4,26,11.13,6.89,2.53700764219577,0
19,4,27,10.99,6.99,1.66501214726631,0
19,4,28,9.17,5.81,2.08647486772487,0
19,5,29,7.47,4.63,2.41224342372134,0
19,5,30,7.2,4.77,1.52765582231041,0
19,5,31,6.04,4.14,3.0551542074515,0
19,6,32,12.93,8.2,2.21479521825397,0
19,6,33,13.35,8.83,1.86774431988536,0
19,6,34,11.71,7.41,1.31141534391534,0
19,6,35,9.84,6.53,3.98317656305115,0
19,6,36,10.91,7.2,2.19058641975309,0
19,6,37,10.9,7.19,3.29059951940035,0
19,6,38,8.37,5.41,2.77057613205467,0
19,6,39,9.55,6.35,1.05762235449735,0
19,6,40,13.49,8.51,2.52879304783951,0
19,6,41,11.43,7.31,1.27618135361552,0
19,6,42,10.97,6.97,2.64005348544974,0
19,6,43,9.11,6.24,3.89504275683421,0
19,6,44,6.16,4.28,3.07333546737213,0
19,6,45,8.9,6.03,3.7588633234127,0.0298400044312169
19,6,46,7.16,4.88,1.60527508377425,0
19,6,47,7.4,4.97,1.54470899470899,0
19,7,48,6.24,4.13,1.64782891313933,0
19,7,49,6.26,4.08,2.82336744819224,0
19,7,50,6.43,4.16,2.81381583002646,0
19,7,51,7.13,4.78,3.17749763447972,0
19,7,52,7.09,4.86,0,0
19,8,53,7.39,4.96,0,0
19,8,54,8.15,5.67,3.37120065806878,0
19,8,55,7.55,4.99,1.68483532738095,0
19,8,56,7.16,4.79,0,0
19,8,57,7.35,4.88,1.30350450396825,0
19,8,58,7.19,4.76,2.86915784832452,0
19,9,59,11.1,7.24,0,0
19,9,60,11.56,7.8,1.98992189484127,0
19,9,61,9.76,6.73,1.09997795414462,0
19,9,62,9.66,6.74,0,0
19,9,63,9.06,6.2,0,0
19,9,64,10.7,7.32,0,0
19,9,65,11.96,8.21,0.67496448170194,0
19,9,66,10.34,7.33,1.39506907738095,0
19,9,67,8.65,5.97,0.95598544973545,0
19,9,68,7.33,4.93,1.46416900132275,0
19,9,69,11.62,7.83,1.60037737323633,1.77297178130511
19,9,70,8.28,5.57,1.87182580467372,0.537957655643739
19,9,71,9.21,6.18,1.04382007429453,0.663267728725749
19,9,72,7.07,4.72,0.535692239858907,0
19,9,73,7.19,4.76,0,0
19,10,74,7.25,4.48,1.00413932021605,0
19,10,75,7.29,4.69,1.57331023148148,0.462657115520282
19,11,76,6.81,4.6,1.10266282407407,0
19,11,77,7.08,4.59,0.51521066468254,0
19,11,78,7.34,4.62,1.07428737488977,0
19,11,79,7.55,4.93,1.40053093805115,0
19,11,80,7.38,4.72,2.36736812610229,0
19,11,81,7.65,4.76,3.73759920634921,0
19,12,82,7.1,4.51,2.31824695326279,0
19,12,83,6.59,3.98,4.66599977954145,0
19,12,84,5.74,3.81,4.59459175044092,0
19,12,85,8.18,5.27,2.40023383487654,0.148632413800705
19,12,86,7.83,4.96,3.76532520943563,0
19,12,87,7.51,4.87,3.97085537918871,0.334628527336861
19,12,88,6.07,4.17,5.01639660493827,2.54715057319224
19,12,89,6.16,4.25,5.60206844246032,0.851064776124339
20,1,1,0,0,0,1.53252157297178
20,1,2,0,0,0,2.29587219356261
20,1,3,0,0,0,0.409446649029982
20,1,4,0,0,2.82646762455908,0
20,1,5,0,0,2.1674430643739,0
20,1,6,0.01,0,3.65710198082011,0
20,1,7,0.19,0.05,2.08192644290123,0
20,1,8,9.86,3.5,0.422542735008818,0
20,1,9,9.86,3.5,1.43858339616402,0
20,1,10,14.99,9.51,1.5117997563933,0
20,1,11,13.12,8.58,0.970209435626102,0
20,1,12,12.76,8.31,2.96578269951499,0
20,1,13,13.29,8.51,1.94485961419753,0.472391991402116
20,2,14,13.73,8.96,1.56117123567019,1.49296737213404
20,2,15,12.21,7.8,2.7825336122134,2.05046344246032
20,3,16,11.77,7.37,2.80375187279541,0.913727470899471
20,3,17,11.91,7.35,2.61715608465608,0
20,3,18,9.45,5.78,3.5147266313933,0
20,4,19,12.07,7.86,1.27188282738095,0
20,4,20,11.96,7.6,0,0
20,4,21,11.69,7.37,1.34151310626102,0
20,4,22,11.87,7.6,2.58264320216049,0
20,4,23,11.32,7.13,0,0
20,4,24,11.92,7.7,1.0636795752866,0.201798892967372
20,4,25,12.3,7.81,0.753152288470018,0
20,4,26,11.98,7.65,2.53700764219577,0
20,4,27,11.57,7.65,1.66501214726631,0
20,4,28,10.48,6.53,2.08647486772487,0
20,5,29,8.97,5.65,2.41224342372134,0
20,5,30,8.67,5.27,1.52765582231041,0
20,5,31,7.41,4.65,3.0551542074515,0
20,6,32,13.45,8.74,2.21479521825397,0
20,6,33,13.59,9.04,1.86774431988536,0
20,6,34,12.65,8.09,1.31141534391534,0
20,6,35,11.66,7.22,3.98317656305115,0
20,6,36,12.86,8.32,2.19058641975309,0
20,6,37,12.86,8.31,3.29059951940035,0
20,6,38,9.7,6.11,2.77057613205467,0
20,6,39,10.8,7.08,1.05762235449735,0
20,6,40,13.78,8.69,2.52879304783951,0
20,6,41,12.04,7.81,1.27618135361552,0
20,6,42,11.49,7.5,2.64005348544974,0
20,6,43,10.37,6.72,3.89504275683421,0
20,6,44,7.56,4.73,3.07333546737213,0
20,6,45,10.25,6.73,3.7588633234127,0.0298400044312169
20,6,46,8.42,5.49,1.60527508377425,0
20,6,47,8.39,5.41,1.54470899470899,0
20,7,48,7.39,4.68,1.64782891313933,0
20,7,49,7.35,4.39,2.82336744819224,0
20,7,50,7.4,4.36,2.81381583002646,0
20,7,51,7.92,5.03,3.17749763447972,0
20,7,52,8.38,5.16,0,0
20,8,53,8.37,5.4,0,0
20,8,54,9.2,6.04,3.37120065806878,0
20,8,55,8.25,5.22,1.68483532738095,0
20,8,56,8.04,5.04,0,0
20,8,57,8.17,5.15,1.30350450396825,0
20,8,58,8,4.95,2.86915784832452,0
20,9,59,11.96,7.76,0,0
20,9,60,12.49,8.32,1.98992189484127,0
20,9,61,11.14,7.35,1.09997795414462,0
20,9,62,11.14,7.28,0,0
20,9,63,10.3,6.78,0,0
20,9,64,11.72,7.87,0,0
20,9,65,12.98,8.78,0.67496448170194,0
20,9,66,11.76,7.81,1.39506907738095,0
20,9,67,9.68,6.46,0.95598544973545,0
20,9,68,8.29,5.18,1.46416900132275,0
20,9,69,12.5,8.27,1.60037737323633,1.77297178130511
20,9,70,9.41,6.06,1.87182580467372,0.537957655643739
20,9,71,10.17,6.59,1.04382007429453,0.663267728725749
20,9,72,7.65,5.08,0.535692239858907,0
20,9,73,8,4.95,0,0
20,10,74,8.07,4.83,1.00413932021605,0
20,10,75,7.86,4.83,1.57331023148148,0.462657115520282
20,11,76,7.49,4.67,1.10266282407407,0
20,11,77,8,4.76,0.51521066468254,0
20,11,78,7.91,4.9,1.07428737488977,0
20,11,79,8.08,5.17,1.40053093805115,0
20,11,80,8.09,4.83,2.36736812610229,0
20,11,81,8.13,4.86,3.73759920634921,0
20,12,82,7.8,4.6,2.31824695326279,0
20,12,83,6.99,4.17,4.66599977954145,0
20,12,84,6.41,3.67,4.59459175044092,0
20,12,85,8.86,5.51,2.40023383487654,0.148632413800705
20,12,86,8.02,5,3.76532520943563,0
20,12,87,7.82,4.97,3.97085537918871,0.334628527336861
20,12,88,6.45,4.2,5.01639660493827,2.54715057319224
20,12,89,6.53,4.09,5.60206844246032,0.851064776124339
21,1,1,0,0,0,1.53252157297178
21,1,2,0,0,0,2.29587219356261
21,1,3,0,0,0,0.409446649029982
21,1,4,0,0,2.82646762455908,0
21,1,5,0,0,2.1674430643739,0
21,1,6,0.04,0.01,3.65710198082011,0
21,1,7,1.16,0.25,2.08192644290123,0
21,1,8,13.65,6.2,0.422542735008818,0
21,1,9,13.65,6.2,1.43858339616402,0
21,1,10,14.41,9.42,1.5117997563933,0
21,1,11,12.98,8.2,0.970209435626102,0
21,1,12,12.48,7.84,2.96578269951499,0
21,1,13,13.27,8.17,1.94485961419753,0.472391991402116
21,2,14,13.51,8.7,1.56117123567019,1.49296737213404
21,2,15,11.56,7.08,2.7825336122134,2.05046344246032
21,3,16,10.96,6.65,2.80375187279541,0.913727470899471
21,3,17,11.77,7.24,2.61715608465608,0
21,3,18,8.62,4.97,3.5147266313933,0
21,4,19,12.14,7.71,1.27188282738095,0
21,4,20,11.48,7.29,0,0
21,4,21,11.31,6.81,1.34151310626102,0
21,4,22,11.51,7.24,2.58264320216049,0
21,4,23,10.87,6.74,0,0
21,4,24,11.59,7.32,1.0636795752866,0.201798892967372
21,4,25,12.06,7.42,0.753152288470018,0
21,4,26,11.46,7.15,2.53700764219577,0
21,4,27,11.37,7.32,1.66501214726631,0
21,4,28,9.68,5.84,2.08647486772487,0
21,5,29,7.75,4.51,2.41224342372134,0
21,5,30,7.93,4.7,1.52765582231041,0
21,5,31,6.38,3.75,3.0551542074515,0
21,6,32,13.26,8.44,2.21479521825397,0
21,6,33,13.36,8.97,1.86774431988536,0
21,6,34,11.73,7.63,1.31141534391534,0
21,6,35,10.67,6.42,3.98317656305115,0
21,6,36,11.89,7.35,2.19058641975309,0
21,6,37,11.89,7.35,3.29059951940035,0
21,6,38,8.64,5.1,2.77057613205467,0
21,6,39,10.16,6.06,1.05762235449735,0
21,6,40,13.55,8.59,2.52879304783951,0
21,6,41,11.59,7.43,1.27618135361552,0
21,6,42,11.16,7.05,2.64005348544974,0
21,6,43,9.56,5.96,3.89504275683421,0
21,6,44,6.49,3.91,3.07333546737213,0
21,6,45,9.27,5.84,3.7588633234127,0.0298400044312169
21,6,46,7.35,4.53,1.60527508377425,0
21,6,47,7.39,4.52,1.54470899470899,0
21,7,48,6.31,3.78,1.64782891313933,0
21,7,49,6.14,3.59,2.82336744819224,0
21,7,50,6.16,3.61,2.81381583002646,0
21,7,51,6.5,4.05,3.17749763447972,0
21,7,52,7.07,4.38,0,0
21,8,53,7.37,4.51,0,0
21,8,54,8.17,5.21,3.37120065806878,0
21,8,55,7.21,4.44,1.68483532738095,0
21,8,56,6.86,4.28,0,0
21,8,57,7.06,4.37,1.30350450396825,0
21,8,58,6.72,4.22,2.86915784832452,0
21,9,59,11.4,7.2,0,0
21,9,60,11.45,7.56,1.98992189484127,0
21,9,61,10.11,6.57,1.09997795414462,0
21,9,62,9.99,6.44,0,0
21,9,63,9.36,5.91,0,0
21,9,64,10.62,6.86,0,0
21,9,65,12.16,8.05,0.67496448170194,0
21,9,66,11.21,7.26,1.39506907738095,0
21,9,67,8.66,5.47,0.95598544973545,0
21,9,68,6.76,4.49,1.46416900132275,0
21,9,69,11.98,7.96,1.60037737323633,1.77297178130511
21,9,70,8.14,5.24,1.87182580467372,0.537957655643739
21,9,71,9.55,5.93,1.04382007429453,0.663267728725749
21,9,72,6.47,4.26,0.535692239858907,0
21,9,73,6.72,4.22,0,0
21,10,74,6.71,4.13,1.00413932021605,0
21,10,75,6.61,4.04,1.57331023148148,0.462657115520282
21,11,76,6.17,3.94,1.10266282407407,0
21,11,77,6.62,3.93,0.51521066468254,0
21,11,78,6.57,4.06,1.07428737488977,0
21,11,79,6.77,4.24,1.40053093805115,0
21,11,80,6.85,4.2,2.36736812610229,0
21,11,81,6.96,4.16,3.73759920634921,0
21,12,82,6.56,3.94,2.31824695326279,0
21,12,83,5.43,3.38,4.66599977954145,0
21,12,84,5.09,3.32,4.59459175044092,0
21,12,85,7.62,4.79,2.40023383487654,0.148632413800705
21,12,86,7.05,4.25,3.76532520943563,0
21,12,87,6.85,4.23,3.97085537918871,0.334628527336861
21,12,88,5.58,3.51,5.01639660493827,2.54715057319224
21,12,89,5.35,3.48,5.60206844246032,0.851064776124339
22,1,1,0,0,0,1.53252157297178
22,1,2,0,0,0,2.29587219356261
22,1,3,0,0,0,0.409446649029982
22,1,4,0,0,2.82646762455908,0
22,1,5,0,0,2.1674430643739,0
22,1,6,0.03,0.01,3.65710198082011,0
22,1,7,0.89,0.2,2.08192644290123,0
22,1,8,13.38,5.46,0.422542735008818,0
22,1,9,13.37,5.46,1.43858339616402,0
22,1,10,12.37,8.4,1.5117997563933,0
22,1,11,11.18,7.38,0.970209435626102,0
22,1,12,10.9,7.03,2.96578269951499,0
22,1,13,11.93,7.51,1.94485961419753,0.472391991402116
22,2,14,11.45,7.87,1.56117123567019,1.49296737213404
22,2,15,11.18,7.09,2.7825336122134,2.05046344246032
22,3,16,10.26,6.49,2.80375187279541,0.913727470899471
22,3,17,10.94,7.12,2.61715608465608,0
22,3,18,8.47,5.07,3.5147266313933,0
22,4,19,11.18,7.24,1.27188282738095,0
22,4,20,10.8,6.87,0,0
22,4,21,10.44,6.56,1.34151310626102,0
22,4,22,10.55,6.82,2.58264320216049,0
22,4,23,10.05,6.37,0,0
22,4,24,10.7,6.79,1.0636795752866,0.201798892967372
22,4,25,11.1,7.18,0.753152288470018,0
22,4,26,10.66,6.82,2.53700764219577,0
22,4,27,10.45,7,1.66501214726631,0
22,4,28,9.25,5.77,2.08647486772487,0
22,5,29,7.79,4.68,2.41224342372134,0
22,5,30,7.69,4.8,1.52765582231041,0
22,5,31,6.59,4.01,3.0551542074515,0
22,6,32,12.2,7.9,2.21479521825397,0
22,6,33,12.19,8.29,1.86774431988536,0
22,6,34,11.37,7.39,1.31141534391534,0
22,6,35,10.37,6.48,3.98317656305115,0
22,6,36,11.35,7.27,2.19058641975309,0
22,6,37,11.36,7.27,3.29059951940035,0
22,6,38,8.72,5.28,2.77057613205467,0
22,6,39,9.95,6.28,1.05762235449735,0
22,6,40,11.65,7.72,2.52879304783951,0
22,6,41,10.76,6.83,1.27618135361552,0
22,6,42,10.31,6.6,2.64005348544974,0
22,6,43,9.4,6.1,3.89504275683421,0
22,6,44,6.68,4.13,3.07333546737213,0
22,6,45,9.17,5.99,3.7588633234127,0.0298400044312169
22,6,46,7.49,4.75,1.60527508377425,0
22,6,47,7.28,4.67,1.54470899470899,0
22,7,48,6.36,4.05,1.64782891313933,0
22,7,49,6.42,3.86,2.82336744819224,0
22,7,50,6.43,3.85,2.81381583002646,0
22,7,51,6.94,4.31,3.17749763447972,0
22,7,52,7.32,4.58,0,0
22,8,53,7.28,4.66,0,0
22,8,54,8.23,5.3,3.37120065806878,0
22,8,55,7.32,4.65,1.68483532738095,0
22,8,56,7.13,4.53,0,0
22,8,57,7.14,4.58,1.30350450396825,0
22,8,58,7.26,4.38,2.86915784832452,0
22,9,59,10.61,6.82,0,0
22,9,60,11.15,7.44,1.98992189484127,0
22,9,61,9.83,6.63,1.09997795414462,0
22,9,62,9.82,6.56,0,0
22,9,63,9.21,6.08,0,0
22,9,64,10.38,6.99,0,0
22,9,65,11.47,7.88,0.67496448170194,0
22,9,66,10.43,7.07,1.39506907738095,0
22,9,67,8.74,5.69,0.95598544973545,0
22,9,68,7.13,4.58,1.46416900132275,0
22,9,69,11.03,7.51,1.60037737323633,1.77297178130511
22,9,70,8.04,5.42,1.87182580467372,0.537957655643739
22,9,71,9.65,6.22,1.04382007429453,0.663267728725749
22,9,72,6.57,4.46,0.535692239858907,0
22,9,73,7.26,4.38,0,0
22,10,74,6.9,4.26,1.00413932021605,0
22,10,75,6.92,4.3,1.57331023148148,0.462657115520282
22,11,76,6.56,4.13,1.10266282407407,0
22,11,77,6.93,4.2,0.51521066468254,0
22,11,78,7.07,4.31,1.07428737488977,0
22,11,79,7.2,4.44,1.40053093805115,0
22,11,80,7.09,4.25,2.36736812610229,0
22,11,81,7.17,4.32,3.73759920634921,0
22,12,82,6.86,4.02,2.31824695326279,0
22,12,83,6.07,3.61,4.66599977954145,0
22,12,84,5.6,3.29,4.59459175044092,0
22,12,85,7.67,4.87,2.40023383487654,0.148632413800705
22,12,86,7.22,4.37,3.76532520943563,0
22,12,87,6.82,4.48,3.97085537918871,0.334628527336861
22,12,88,5.64,3.73,5.01639660493827,2.54715057319224
22,12,89,5.5,3.72,5.60206844246032,0.851064776124339
